"RANK","NAME","TEAM","POS","AGE","GP","MPG","USG%","TO%","FTA","FT%","2PA","2P%","3PA","3P%","eFG%","TS%","PPG","RPG","APG","SPG","BPG","TPG","P+R","P+A","P+R+A","VI","ORtg","DRtg"
"","Giannis Antetokounmpo","Mil","F","30","19","34.8","36.8","14.4","216","0.611","379","0.631","14","0.214","0.62","0.634","32.6","11.6","6.6","0.5","1.3","3.5","44.2","39.2","50.8","15.6","123.2","105.6"
"","LaMelo Ball","Cha","G","23.3","18","34.1","39.8","15.3","105","0.848","213","0.512","236","0.356","0.523","0.564","31.1","5.4","6.9","1.1","0.2","4.5","36.4","38","43.4","12.3","111.2","106.4"
"","Nikola Jokic","Den","C","29.8","17","37.7","30.1","15.4","104","0.817","275","0.575","72","0.5","0.611","0.648","29.9","13.4","10.4","1.8","0.8","3.7","43.4","40.4","53.8","17.1","129.7","108.8"
"","Shai Gilgeous-Alexander","Okc","G","26.4","22","34.1","33.4","11.3","175","0.857","316","0.585","138","0.326","0.556","0.617","29.8","5.4","6.4","1.8","1","2.6","35.2","36.2","41.6","11.8","123.2","104"
"","Paolo Banchero","Orl","F","22.1","5","36.4","31.9","10.2","59","0.644","65","0.569","32","0.344","0.552","0.59","29","8.8","5.6","0.6","0.8","2.2","37.8","34.6","43.4","12.4","120.8","103.2"
"","Luka Doncic","Dal","F-G","25.8","17","36.6","33.1","12.8","117","0.752","212","0.538","168","0.339","0.525","0.564","28.6","8","7.9","1.8","0.4","3.3","36.6","36.5","44.5","13.3","115","104.4"
"","Jayson Tatum","Bos","F-G","26.8","21","36.4","31.5","12.8","162","0.802","201","0.542","222","0.374","0.552","0.604","28.4","8.6","5.6","1.3","0.6","3","37","34","42.7","12.2","119.2","104.6"
"","Anthony Davis","Lal","F-C","31.7","21","35.2","29.8","9.3","186","0.78","338","0.553","43","0.349","0.55","0.609","26.9","11.3","3.4","1.2","1.9","1.9","38.1","30.2","41.5","11.5","123","110.7"
"","De'Aaron Fox","Sac","G","27","23","37.7","30.6","15.1","142","0.803","323","0.551","145","0.338","0.537","0.582","26.8","5.1","5.8","1.9","0.2","3.6","31.9","32.7","37.7","9.8","112","110"
"","Anthony Edwards","Min","G","23.3","21","36.4","30.6","12.6","95","0.8","207","0.464","222","0.423","0.552","0.584","26.2","5.5","3.7","1.4","0.6","3","31.7","29.9","35.4","8.9","110.2","106.8"
"","Damian Lillard","Mil","G","34.4","18","35.8","29.1","14","126","0.921","152","0.533","167","0.377","0.55","0.624","25.9","4.4","7.5","0.9","0.2","2.9","30.4","33.4","37.9","10.6","123.8","113"
"","Kevin Durant","Pho","F","36.2","13","35.7","28.6","16.1","75","0.8","146","0.582","78","0.449","0.614","0.652","25.8","6.7","3.1","0.5","1.5","3.3","32.5","28.8","35.5","9.1","112.8","113.1"
"","Karl-Anthony Towns","Nyk","C-F","29.1","21","33.7","28.4","11.9","119","0.857","247","0.567","109","0.45","0.6","0.648","25.2","13.2","3","0.8","0.9","2.3","38.4","28.2","41.4","11.9","126.6","102.6"
"","Jaylen Brown","Bos","G-F","28.1","17","36.3","30.4","11.3","123","0.764","204","0.495","132","0.333","0.497","0.549","25.2","6.4","4.6","1.2","0.4","2.5","31.5","29.8","36.1","10","112.7","106.7"
"","Devin Booker","Pho","G","28.1","21","36.9","28.4","11.1","149","0.899","219","0.507","165","0.345","0.512","0.586","25.1","3.8","6.3","1","0.4","2.3","28.9","31.4","35.2","9.1","121.1","114"
"","Jalen Brunson","Nyk","G","28.3","22","33.8","29.2","11.4","141","0.851","248","0.528","133","0.429","0.568","0.624","25.1","2.8","7.5","0.6","0","2.2","28","32.7","35.5","9.6","128.3","113"
"","Tyrese Maxey","Phi","G","24.1","14","36.4","31.1","8.2","72","0.861","170","0.488","131","0.305","0.475","0.523","24.9","3.2","4.8","2","0.4","1.9","28.1","29.6","32.9","8","108.7","111.2"
"","Cam Thomas","Bro","G","23.1","17","33.4","31","13.9","112","0.866","171","0.515","126","0.389","0.544","0.606","24.7","3.2","3.4","0.7","0.1","2.8","27.9","28.1","31.3","7.7","111.7","115.9"
"","Donovan Mitchell","Cle","G","28.2","22","31.7","31.4","10","85","0.812","220","0.495","204","0.412","0.554","0.584","24.5","4.8","4.2","1.6","0.4","2.1","29.3","28.7","33.5","10","113.9","106.5"
"","Franz Wagner","Orl","F","23.3","24","33","30.9","11.2","128","0.875","303","0.535","147","0.327","0.52","0.573","24.2","5.6","5.7","1.8","0.5","2.4","29.8","29.9","35.5","11.1","116.3","101.8"
"","Kyrie Irving","Dal","G","32.7","21","34.9","26.3","10.6","73","0.877","239","0.523","140","0.457","0.583","0.615","24.1","4.9","5.3","1.2","0.2","2.1","29","29.4","34.2","9.8","123.8","109.3"
"","Tyler Herro","Mia","G","24.9","20","34.7","27.4","12.4","77","0.857","147","0.537","205","0.42","0.591","0.625","24.1","5.2","4.9","0.8","0.1","2.5","29.3","29","34.2","9.8","118.1","110.8"
"","Norman Powell","Lac","G","31.5","17","32.4","26.9","11.4","68","0.838","145","0.503","134","0.507","0.627","0.659","23.9","2.9","2.4","1.1","0.2","2.1","26.9","26.4","29.3","6.8","120.9","109.3"
"","Cade Cunningham","Det","G","23.2","20","35.9","31.5","19.3","86","0.779","269","0.487","127","0.378","0.513","0.545","23.7","7.2","9.1","0.9","0.8","4.8","30.8","32.8","39.9","12.9","106.8","108.9"
"","RJ Barrett","Tor","F-G","24.5","20","34.4","29.9","15.2","129","0.713","256","0.508","117","0.342","0.509","0.549","23.6","6.7","6","0.8","0.3","3.4","30.3","29.6","36.3","11.4","108.6","112.2"
"","Victor Wembanyama","San","F-C","20.9","18","32.5","31","16.5","64","0.859","162","0.617","166","0.337","0.561","0.594","23.5","10.4","3.8","1.3","3.4","3.6","33.9","27.3","37.7","12","107.9","105.6"
"","Brandon Ingram","Nor","F","27.3","17","33.9","30.7","16.9","53","0.849","216","0.519","113","0.372","0.532","0.561","23.2","5.8","5.3","0.9","0.6","3.9","29.1","28.5","34.4","10.5","104.4","114.7"
"","DeMar DeRozan","Sac","G-F","35.3","18","36.2","25.6","9.6","117","0.838","264","0.527","38","0.289","0.515","0.579","22.7","4.2","4.2","1.5","0.6","1.8","26.9","26.9","31.1","8.1","117.7","113.2"
"","Zion Williamson","Nor","F","24.4","6","31.1","34.5","17.4","60","0.667","98","0.459","6","0.333","0.462","0.521","22.7","8","5.3","0.7","1.2","3.7","30.7","28","36","12.7","104.4","111.7"
"","Stephen Curry","Gol","G","36.7","16","30.2","29.4","17.3","57","0.947","103","0.515","160","0.419","0.584","0.627","22.6","5.6","6.6","1.4","0.5","3.4","28.1","29.2","34.8","12.5","117.3","107.6"
"","LeBron James","Lal","F","39.9","22","34.7","29.6","19.1","99","0.758","261","0.559","120","0.342","0.545","0.577","22.3","7.9","9","0.6","0.5","4.1","30.2","31.3","39.2","13.4","111","115.9"
"","Nikola Vucevic","Chi","C","34.1","23","31.9","23.1","11.3","57","0.842","229","0.651","109","0.468","0.667","0.687","21.7","9.9","3.3","0.7","0.8","1.9","31.6","25","34.9","11.2","128.5","112.5"
"","Jaren Jackson Jr.","Mem","F-C","25.2","21","28.3","28.2","13.2","115","0.835","208","0.606","108","0.333","0.57","0.622","21.7","5.8","1.3","1.4","1.7","2.3","27.5","23","28.8","7.7","114.8","100.8"
"","Jalen Williams","Okc","G-F","23.6","22","31.7","27","11","76","0.816","251","0.566","113","0.389","0.571","0.601","21.7","6.1","5.1","2","0.9","2","27.8","26.8","32.9","11.1","119","98.8"
"","Brandon Miller","Cha","F","22","18","34.1","28.1","12.5","48","0.896","140","0.457","197","0.371","0.515","0.545","21.7","5.2","3.5","1.3","0.7","2.7","26.9","25.2","30.4","8.6","108","111.1"
"","James Harden","Lac","G","35.3","24","33.9","30.3","21.2","173","0.896","190","0.421","201","0.338","0.465","0.556","21.6","6.8","8.5","1.6","0.7","4.4","28.4","30.2","36.9","12.7","109.9","105.2"
"","CJ McCollum","Nor","G","33.2","10","33","27","7.1","30","0.633","99","0.545","85","0.341","0.53","0.543","21.4","3.7","3.4","1.4","0.4","1.4","25.1","24.8","28.5","7.8","110.7","116.5"
"","Zach LaVine","Chi","G","29.7","20","33.4","24.3","14.7","65","0.815","161","0.578","146","0.425","0.606","0.633","21.3","4.5","4.4","0.8","0.3","2.7","25.8","25.6","30.1","9","114.3","117.6"
"","Scottie Barnes","Tor","F-G","23.3","12","33.7","28.3","18.2","67","0.716","133","0.549","69","0.29","0.51","0.549","21.2","8.8","7.3","1.3","0.8","3.8","29.9","28.4","37.2","13.2","109.3","112"
"","Julius Randle","Min","F-C","30","21","33.4","26","15.8","123","0.813","203","0.571","101","0.356","0.559","0.614","21","6.7","4","0.8","0","2.7","27.6","25","31.7","9.9","118.3","104.8"
"","Kristaps Porzingis","Bos","F-C","29.3","4","27.3","27.8","5","23","0.826","32","0.594","25","0.36","0.57","0.626","21","7.8","1.8","1","1","0.8","28.8","22.8","30.5","9.8","129.2","103.7"
"","Ja Morant","Mem","G","25.3","13","27.7","32.6","19.4","88","0.852","146","0.521","57","0.263","0.485","0.563","20.9","4","8.5","0.9","0.4","3.8","24.9","29.4","33.4","12.9","112.6","108.8"
"","Domantas Sabonis","Sac","F-C","28.6","21","36.4","21.8","21.3","98","0.806","216","0.676","53","0.415","0.665","0.7","20.8","12.6","6.3","0.7","0.4","3.5","33.4","27.1","39.7","13","128.2","103.7"
"","Trae Young","Atl","G","26.2","22","35.7","27","22.3","137","0.891","179","0.464","183","0.306","0.461","0.54","20.7","3.9","12","1.2","0.1","4.7","24.6","32.7","36.5","11.1","109.9","114.2"
"","Darius Garland","Cle","G","24.9","22","30.1","26.5","13.1","64","0.953","180","0.533","150","0.44","0.591","0.63","20.5","2.3","6.6","1","0.2","2.3","22.8","27.1","29.4","9","124.2","108.3"
"","Pascal Siakam","Ind","F","30.7","23","34.3","22.3","9.2","82","0.78","237","0.582","100","0.41","0.592","0.621","20.1","6.3","3.7","0.9","0.3","1.5","26.5","23.8","30.1","9.1","123.6","112.8"
"","Jalen Johnson","Atl","F","23","22","36.4","22.7","16.9","70","0.757","249","0.566","100","0.36","0.559","0.583","20.1","10","5.5","1.4","1.1","3.2","30.1","25.6","35.5","11.4","110.5","110.6"
"","Jordan Poole","Was","G","25.5","18","29.8","28.6","17.9","78","0.846","141","0.468","133","0.406","0.536","0.584","20","2.1","4.9","1.8","0.4","3.3","22.1","24.9","27.1","7.9","106.3","114"
"","Joel Embiid","Phi","C-F","30.7","4","31.4","29.9","18.2","32","1","40","0.475","18","0.167","0.405","0.548","19.8","7.5","3.5","0.5","1","3.3","27.3","23.3","30.8","10.2","107","107.5"
"","Lauri Markkanen","Uta","F-C","27.5","17","32.2","22.2","8.8","89","0.854","111","0.523","117","0.385","0.55","0.612","19.2","6.5","2.2","0.7","0.1","1.3","25.8","21.5","28","8.1","126.1","117.8"
"","Michael Porter Jr.","Den","F","26.4","20","35.6","20.1","8.2","49","0.673","167","0.581","124","0.411","0.596","0.608","19","7.2","2.7","0.9","0.4","1.3","26.2","21.7","28.9","8.1","120.2","111.5"
"","Jalen Green","Hou","G","22.8","23","32.4","26.1","13.9","101","0.861","195","0.462","176","0.324","0.473","0.527","19","4.7","2.7","1.1","0.3","2.6","23.8","21.7","26.5","7.7","103.7","104.8"
"","Alperen Sengun","Hou","C","22.4","23","30.7","26.3","11.9","116","0.767","321","0.495","34","0.265","0.486","0.534","18.9","10.7","5.3","1.2","1.1","2.1","29.5","24.2","34.8","13.3","116.6","97.6"
"","Jimmy Butler","Mia","F","35.2","15","31.7","22","11.1","114","0.781","146","0.575","22","0.364","0.571","0.644","18.7","5.4","4.8","1.3","0.3","1.4","24.1","23.5","28.9","9.9","136","112.2"
"","De'Andre Hunter","Atl","F-G","27","12","27.5","23.2","9","54","0.907","80","0.55","71","0.408","0.579","0.641","18.7","4.2","1.3","0.8","0.2","1.3","22.8","19.9","24.1","6.8","122.7","109.6"
"","Cameron Johnson","Bro","F","28.8","22","32.6","20.6","6.7","71","0.901","112","0.563","167","0.431","0.613","0.654","18.5","4.3","2.9","0.9","0.5","0.9","22.8","21.4","25.7","7.5","129.6","114.9"
"","Coby White","Chi","G","24.8","21","32.5","23","15.1","70","0.871","110","0.527","182","0.379","0.553","0.595","18.3","3.7","4.5","1.1","0.2","2.5","22","22.8","26.5","8.3","111.3","115.5"
"","Derrick White","Bos","G","30.4","21","34.3","19.9","9.3","44","0.841","88","0.591","195","0.41","0.608","0.63","18.1","4.8","4.9","0.8","1","1.4","22.9","23","27.8","8.8","130.3","108.1"
"","Bradley Beal","Pho","G","31.4","13","33.3","22.3","13.2","32","0.813","99","0.596","78","0.385","0.588","0.612","18","4.2","3.3","1.2","0.7","2.1","22.2","21.3","25.5","7.6","113","110.4"
"","Bennedict Mathurin","Ind","G-F","22.5","23","32.6","22.5","14.6","124","0.847","194","0.51","92","0.402","0.54","0.608","18","6.5","1.8","0.7","0.3","2.1","24.5","19.8","26.3","7.3","113.3","113.5"
"","Dennis Schroder","Bro","G","31.2","21","33.9","24","15.2","76","0.895","160","0.481","136","0.375","0.519","0.569","17.9","3","6.3","1.2","0.2","2.5","20.8","24.2","27.1","8.2","112.5","113.7"
"","Evan Mobley","Cle","C","23.5","22","31.3","22.8","14.8","94","0.798","230","0.587","46","0.348","0.576","0.619","17.9","9.3","2.8","1.1","1.5","2.2","27.2","20.7","30","9.9","119.8","105.4"
"","Gradey Dick","Tor","G-F","21","18","32.4","22.6","11.1","70","0.9","131","0.489","125","0.352","0.508","0.563","17.9","2.9","2.1","0.9","0.3","1.8","20.9","20.1","23","5.9","111.2","115.6"
"","Jamal Murray","Den","G","27.8","17","36","22","11.1","66","0.803","158","0.475","99","0.333","0.484","0.528","17.8","4.1","6.2","1.4","0.6","1.9","21.8","24","28.1","8.5","112.2","114.2"
"","John Collins","Uta","F-C","27.2","20","29.2","24.1","17","68","0.912","193","0.575","60","0.4","0.581","0.629","17.8","8.7","2.5","1.2","0.8","2.6","26.5","20.3","29","10","117.2","109.3"
"","Shaedon Sharpe","Por","G","21.5","14","30.5","24.8","12.5","57","0.807","117","0.547","85","0.294","0.502","0.548","17.8","3.2","2.2","0.9","0.2","2.1","21","20","23.2","6.6","107.8","117.1"
"","Devin Vassell","San","G-F","24.3","8","23.5","28.1","12.2","20","0.9","52","0.558","48","0.458","0.62","0.653","17.8","1.6","2.6","1.3","0.4","1.8","19.4","20.4","22","7.1","117.9","108"
"","O.G. Anunoby","Nyk","F-G","27.4","22","36.4","19.1","8.4","57","0.842","167","0.575","128","0.391","0.58","0.609","17.7","5.1","2","1.5","1","1.2","22.8","19.7","24.8","6.2","120.3","110.4"
"","Jaden Ivey","Det","G","22.8","23","30.6","26.5","17.7","102","0.735","208","0.486","113","0.381","0.516","0.555","17.7","4.2","4.3","1","0.4","3","21.8","21.9","26.1","8.9","106.5","109.9"
"","Tyrese Haliburton","Ind","G","24.8","23","35.2","21.8","12","76","0.855","132","0.538","198","0.333","0.515","0.557","17.6","3.4","8.4","1.3","0.5","2","21","26","29.4","9","119.3","118.3"
"","Andrew Wiggins","Gol","F","29.8","19","29.1","22.6","7.9","83","0.759","144","0.486","100","0.43","0.551","0.592","17.5","4.5","2.4","0.9","0.7","1.1","22","19.9","24.4","7.9","121.7","107.6"
"","Trey Murphy III","Nor","F","24.5","10","32.7","23.3","9.6","32","0.844","69","0.507","81","0.321","0.493","0.533","17.5","4.6","2.3","0.8","0.6","1.6","22.1","19.8","24.4","7","107.6","116.7"
"","Collin Sexton","Uta","G","25.9","21","28.3","24.2","16.9","80","0.888","166","0.512","89","0.427","0.557","0.612","16.9","2.6","3.2","0.7","0.1","2.5","19.5","20.1","22.7","7.3","115.1","117.2"
"","Anfernee Simons","Por","G","25.5","19","30.4","24.9","14.8","55","0.891","134","0.478","142","0.331","0.487","0.53","16.7","2.5","4.4","0.9","0.1","2.5","19.3","21.2","23.7","7.5","106.1","116.5"
"","Austin Reaves","Lal","G","26.5","19","33.7","21.9","14.7","62","0.774","109","0.55","141","0.355","0.54","0.573","16.7","3.5","4.8","1.1","0.2","2.3","20.3","21.6","25.1","7.8","111","115.4"
"","Mikal Bridges","Nyk","G-F","28.3","22","38.2","19","9.6","19","0.632","171","0.596","149","0.329","0.548","0.553","16.5","3.6","3.4","1","0.5","1.5","20.1","19.9","23.5","6.1","111.1","116.5"
"","Payton Pritchard","Bos","G","26.9","22","28.3","20.5","9","40","0.875","58","0.69","194","0.428","0.653","0.675","16.5","3.2","3","1.1","0.1","1.1","19.7","19.5","22.7","7.6","133.1","109.1"
"","Jared McCain","Phi","G","20.8","20","25.7","26.2","11","56","0.875","130","0.546","120","0.383","0.56","0.599","16.5","2.7","2.6","0.6","0","1.6","19.1","19","21.7","7.6","116.3","114.4"
"","Chet Holmgren","Okc","C-F","22.6","10","26.5","25","17.1","49","0.776","74","0.568","37","0.378","0.568","0.619","16.4","8.7","2","0.8","2.6","2.3","25.1","18.4","27.1","9.9","113.6","98.2"
"","Jakob Poeltl","Tor","C","29.1","22","32.7","19.4","16.4","77","0.649","253","0.597","1","0","0.594","0.611","16","11.8","2.5","1.1","1.3","2.3","27.8","18.5","30.3","9.5","116.7","104.5"
"","Fred VanVleet","Hou","G","30.8","22","35.2","19.6","7.8","59","0.831","149","0.47","168","0.321","0.476","0.512","16","4.2","5.9","1.5","0.5","1.2","20.1","21.8","26","8.3","116.3","103.4"
"","Miles Bridges","Cha","F","26.7","11","30.1","22.5","9.3","33","0.848","77","0.494","69","0.348","0.507","0.548","16","6.5","3","0.6","0.5","1.4","22.5","19","25.5","9","115","113.9"
"","Malik Monk","Sac","G","26.8","16","28.2","22.1","8.5","44","0.841","96","0.542","97","0.392","0.565","0.6","15.9","3.3","4.5","0.8","0.5","1.1","19.2","20.4","23.7","8.8","123.4","109.3"
"","Paul George","Phi","F","34.6","10","29.5","26.8","18.1","33","0.818","70","0.471","65","0.338","0.489","0.532","15.9","5.3","5.1","2.1","0.3","3","21.2","21","26.3","10.2","103.8","106.7"
"","Jerami Grant","Por","F","30.7","20","32.7","20.8","9.9","82","0.817","141","0.411","123","0.358","0.47","0.525","15.8","3.5","2.5","1","1.1","1.5","19.3","18.2","21.7","6.3","109.5","115.2"
"","Kyle Kuzma","Was","F","29.4","12","27.5","28.3","13.8","32","0.688","123","0.488","58","0.276","0.464","0.487","15.8","5.6","1.9","0.4","0.3","2.4","21.4","17.8","23.3","8","90","118.1"
"","Malik Beasley","Det","G","28","24","28.5","21.9","7.7","32","0.719","97","0.505","213","0.399","0.569","0.58","15.7","3","1.9","0.8","0","1.1","18.7","17.5","20.6","6.3","114.4","114.3"
"","Bam Adebayo","Mia","C-F","27.4","20","34.7","21.8","11.8","79","0.722","220","0.455","55","0.327","0.462","0.502","15.6","9.9","5","1.7","0.8","1.9","25.4","20.6","30.4","10.6","111","106"
"","Myles Turner","Ind","C-F","28.7","21","32.4","21.1","18.1","65","0.723","141","0.532","108","0.398","0.56","0.587","15.5","7.4","1.6","0.8","2.1","2.6","22.9","17.1","24.5","7","102.3","110.3"
"","Christian Braun","Den","G","23.6","20","35.2","15.6","12.8","74","0.784","144","0.625","54","0.426","0.629","0.666","15.4","5.1","1.9","1.3","0.7","1.5","20.4","17.2","22.3","6","124.6","112.2"
"","Keyonte George","Uta","G","21.1","20","31.8","24.3","19.6","58","0.793","117","0.453","158","0.329","0.476","0.512","15.4","3.1","5.7","0.7","0.1","3.4","18.5","21.1","24.2","8.2","101.5","119.6"
"","Immanuel Quickley","Tor","G","25.5","3","22.5","30.6","8.6","9","0.889","26","0.385","16","0.375","0.452","0.5","15.3","2","4","0.7","0","1.3","17.3","19.3","21.3","8.8","109","111.4"
"","Jalen Suggs","Orl","G","23.5","23","29.9","24.3","17.7","67","0.925","137","0.518","156","0.314","0.493","0.544","15.3","4","4","1.4","1","2.7","19.3","19.3","23.3","8.4","103.1","101.2"
"","Jeremy Sochan","San","F","21.5","9","29.2","23.3","13.4","35","0.657","95","0.558","15","0.2","0.523","0.55","15.3","8.9","2.8","1","0.4","1.9","24.2","18.1","27","9.9","111.9","105.9"
"","Aaron Gordon","Den","F","29.2","10","30.3","17.6","12.7","37","0.784","66","0.561","30","0.533","0.635","0.672","15.1","6.4","3.3","0.6","0.2","1.4","21.5","18.4","24.8","9","132.3","113.3"
"","Jordan Clarkson","Uta","G","32.5","13","26","27.4","13","46","0.804","94","0.489","80","0.275","0.454","0.502","15","3.8","3.8","0.8","0.1","2","18.8","18.8","22.7","9.2","105.4","117.9"
"","Deandre Ayton","Por","C","26.4","15","30.7","19.4","13","19","0.684","164","0.591","17","0.294","0.577","0.586","14.8","9.8","1.3","0.9","0.7","1.8","24.6","16.1","25.9","7.5","111.7","110.3"
"","Jonathan Kuminga","Gol","F","22.2","19","23.6","27.5","10.2","77","0.597","167","0.509","70","0.314","0.498","0.521","14.8","4.3","1.8","1","0.5","1.4","19.2","16.7","21","8.2","104","103.4"
"","Ivica Zubac","Lac","C","27.7","24","32.3","18.9","16.2","69","0.522","259","0.602","0","0","0.602","0.601","14.5","12.2","2.4","0.5","1","2.1","26.7","16.9","29","9.3","116.6","104.4"
"","Desmond Bane","Mem","G","26.4","16","28","22.7","15.2","36","0.806","109","0.532","91","0.319","0.508","0.537","14.5","6.3","4.1","0.9","0.5","2.3","20.8","18.6","24.8","10.3","106","102.5"
"","Buddy Hield","Gol","G","32","21","23.4","22.9","9.2","26","0.923","77","0.481","159","0.428","0.589","0.61","14.4","3.5","1.5","0.8","0.2","1.1","17.9","15.9","19.4","7.2","116","104.3"
"","Tobias Harris","Det","F","32.4","23","32.5","18.7","9.5","52","0.827","171","0.509","104","0.346","0.513","0.546","14.1","6.8","2.4","0.9","0.9","1.3","20.9","16.6","23.3","7.5","111.7","109.7"
"","Tre Mann","Cha","G","23.8","13","24.5","25.9","13.4","21","0.905","101","0.455","60","0.4","0.509","0.537","14.1","2.9","3","0.5","0.3","1.9","17","17.1","20","8.1","107.7","113.8"
"","Josh Hart","Nyk","G","29.8","22","37.2","14","17.1","46","0.87","123","0.715","75","0.4","0.672","0.701","13.9","8.6","5.7","1.4","0.4","1.9","22.5","19.6","28.3","9.5","136.6","109.2"
"","Dejounte Murray","Nor","G","28.2","6","31.8","26.9","17.6","19","0.895","61","0.344","32","0.25","0.355","0.409","13.8","6","6","2.3","0.3","3.3","19.8","19.8","25.8","10","86.9","110"
"","Jarrett Allen","Cle","C","26.6","23","29.7","15.4","11.9","80","0.738","183","0.705","1","0","0.701","0.723","13.8","10.5","1.8","1","0.9","1.1","24.3","15.6","26.1","8.6","141.6","106.6"
"","Malcolm Brogdon","Was","G","32","9","23.8","23.1","13.3","32","0.844","70","0.543","21","0.333","0.533","0.59","13.8","4.3","2.6","0.4","0.3","1.6","18.1","16.3","20.7","9","114","116.9"
"","Dyson Daniels","Atl","G","21.7","21","33.6","18.3","12.1","33","0.667","184","0.511","85","0.294","0.489","0.503","13.6","5","3.1","3","0.9","1.8","18.6","16.7","21.7","7.1","102.4","108.3"
"","Santi Aldama","Mem","F-C","23.9","23","27.6","17.8","11.5","24","0.75","142","0.634","97","0.361","0.596","0.607","13.2","7.6","3.3","1","0.4","1.3","20.7","16.4","24","10","121.5","107.6"
"","Jordan Hawkins","Nor","G","22.6","11","27.4","21.5","10","31","0.903","60","0.417","66","0.333","0.46","0.516","13.1","3.8","1.3","0.3","0.4","1.3","16.9","14.4","18.2","5.9","103.5","120.3"
"","Naz Reid","Min","C-F","25.3","21","24.5","21.3","11.2","40","0.9","100","0.6","106","0.368","0.575","0.61","13","5","1.5","0.8","0.7","1.2","18","14.5","19.4","7.5","115.5","101.8"
"","Kelly Oubre Jr.","Phi","F-G","29","20","30.9","19.3","10.3","40","0.75","136","0.529","91","0.308","0.502","0.527","12.9","4.9","1.5","1.2","0.5","1.3","17.8","14.4","19.2","5.9","105.9","107.2"
"","Moritz Wagner","Orl","F-C","27.6","24","19.3","26.7","16.6","89","0.742","146","0.637","60","0.317","0.59","0.63","12.9","5.2","1.4","0.8","0.5","1.7","18","14.3","19.4","9.4","114.9","98.1"
"","Keldon Johnson","San","F-G","25.2","21","26.2","20.5","7.2","62","0.742","135","0.548","83","0.301","0.511","0.548","12.8","5.5","1.6","0.7","0.2","0.8","18.3","14.4","19.9","7.4","112.8","109"
"","Daniel Gafford","Dal","F-C","26.2","22","21.1","19","10","65","0.692","162","0.728","0","0","0.728","0.737","12.8","6.6","1.3","0.5","1.2","0.8","19.4","14.1","20.7","9.1","145.3","100.8"
"","Terry Rozier","Mia","G","30.7","18","29.3","20","13.7","35","0.886","93","0.462","102","0.363","0.505","0.542","12.7","3.5","3.2","0.6","0.3","1.7","16.2","15.8","19.3","7.1","106.4","111.6"
"","P.J. Washington","Dal","F","26.3","18","32.5","16.7","13.7","44","0.75","114","0.5","69","0.391","0.533","0.563","12.7","8.5","2.6","1.3","1.2","1.6","21.2","15.2","23.7","8.1","113.2","105.6"
"","Ayo Dosunmu","Chi","G","24.9","23","29.6","17.1","11.2","48","0.813","139","0.619","90","0.3","0.552","0.584","12.7","3.9","4.5","0.7","0.4","1.3","16.6","17.2","21.1","8.2","120.5","115.8"
"","Klay Thompson","Dal","G","34.8","19","27.7","20","7.8","18","0.944","79","0.405","144","0.368","0.5","0.52","12.6","3.4","1.9","0.6","0.4","1","16.1","14.5","17.9","6.3","107.7","112.8"
"","Bobby Portis","Mil","F","29.8","20","23.6","24.8","9.8","24","0.75","166","0.5","64","0.344","0.504","0.52","12.5","7.1","1.5","0.6","0.5","1.3","19.6","14","21.1","8.7","104.5","107.5"
"","Dillon Brooks","Hou","G-F","28.9","23","30.7","16.9","8.3","34","0.824","129","0.457","124","0.379","0.512","0.536","12.5","3.5","1.4","0.6","0.2","1","16","13.9","17.4","5.1","111.5","101.6"
"","D'Angelo Russell","Lal","G","28.8","21","27.4","21.3","14.1","39","0.872","105","0.524","120","0.325","0.504","0.539","12.4","2.5","4.8","1","0.1","1.8","15","17.2","19.7","7.7","108.1","114.9"
"","Keegan Murray","Sac","F","24.3","23","37","15.4","8.6","31","0.839","135","0.541","129","0.279","0.481","0.504","12.2","7.9","1.6","0.7","0.8","1.1","20","13.8","21.7","5.8","108.2","109.4"
"","Caris LeVert","Cle","G","30.3","17","24.2","18.8","14.2","41","0.683","74","0.568","65","0.477","0.637","0.653","12.1","2.9","4.1","0.9","0.4","1.4","15","16.2","19.1","8.7","127.5","110.7"
"","Rui Hachimura","Lal","F","26.8","17","31.6","15.2","6.4","32","0.844","101","0.495","60","0.433","0.553","0.585","12.1","5.2","1.8","0.8","0.5","0.6","17.2","13.8","19","6.1","122.8","115.5"
"","Deni Avdija","Por","F","23.9","22","26.9","20","18.2","79","0.797","122","0.467","84","0.345","0.488","0.548","12","6","3.2","1.1","0.8","2.1","18","15.2","21.1","9.1","108.8","110.7"
"","Brandon Boston Jr.","Nor","G","23","20","27.9","19.4","13.5","45","0.844","125","0.504","80","0.313","0.49","0.532","12","3.8","3.6","1.6","0.3","1.6","15.8","15.6","19.4","7.9","108.8","115.6"
"","Jaylen Wells","Mem","F","21.3","23","24.9","18.8","12","41","0.78","103","0.534","116","0.388","0.559","0.584","12","3.5","1.8","0.4","0.2","1.3","15.5","13.8","17.3","6.8","112.7","109.2"
"","Brook Lopez","Mil","C","36.7","21","32.9","14.9","10.5","32","0.719","82","0.634","114","0.36","0.579","0.595","11.9","5","1.8","1.2","2.4","1.1","17","13.7","18.8","5.8","116.7","109.3"
"","Jonas Valanciunas","Was","C","32.6","20","19.6","23.2","16.3","51","0.902","156","0.596","8","0.25","0.585","0.638","11.9","7.6","2.1","0.4","0.7","1.6","19.5","14","21.6","11.7","120.9","113"
"","Nick Richards","Cha","C","27","8","27","16.6","19.6","42","0.69","52","0.635","1","0","0.623","0.665","11.9","9.8","1.9","0.5","2.1","1.6","21.6","13.8","23.5","9","128.2","104.3"
"","Josh Giddey","Chi","G","22.2","23","27","21.1","20.1","58","0.69","149","0.503","81","0.346","0.509","0.536","11.9","6.2","6.7","0.7","0.4","2.5","18.1","18.7","24.9","11.7","111.2","115.4"
"","Tyus Jones","Pho","G","28.6","21","32.3","15","9.8","14","0.786","91","0.571","111","0.396","0.584","0.593","11.8","2.7","7","1.1","0.1","1","14.5","18.8","21.5","7.5","130.9","117.1"
"","Julian Champagnie","San","F","23.4","22","29.1","16.5","10.3","31","0.903","60","0.633","149","0.349","0.555","0.584","11.8","5.2","1.6","0.9","0.6","1.1","17","13.4","18.6","6.3","113.1","111.5"
"","Bilal Coulibaly","Was","G","20.4","19","34.6","15.5","16.9","62","0.774","120","0.525","61","0.279","0.489","0.54","11.8","5.4","3","1.4","0.6","1.9","17.2","14.8","20.2","6.7","105.5","118.2"
"","Russell Westbrook","Den","G","36.1","20","24.1","24.6","18.9","75","0.667","126","0.405","75","0.36","0.455","0.498","11.7","3.8","5.9","1.4","0.6","2.4","15.5","17.5","21.3","10.6","104.7","107"
"","Jrue Holiday","Bos","G","34.5","19","31.2","16.4","14.7","33","0.909","83","0.578","96","0.333","0.536","0.574","11.7","4.2","3.9","0.8","0.3","1.6","15.9","15.6","19.8","7.4","117.8","111.1"
"","Ochai Agbaji","Tor","G","24.6","23","31.3","13.2","9.5","20","0.7","108","0.574","91","0.484","0.643","0.65","11.7","4.3","2.1","1","0.6","0.9","16","13.8","18.1","6","126.1","112.6"
"","Scoot Henderson","Por","G","20.8","16","26.5","22.8","22.8","44","0.75","116","0.457","50","0.32","0.464","0.504","11.7","2.9","5.4","0.9","0.1","3.1","14.6","17.1","20","8.6","99.5","112.2"
"","Zaccharie Risacher","Atl","F","19.7","23","24.1","21.2","9.8","60","0.683","132","0.508","107","0.29","0.475","0.505","11.7","3.6","1.3","0.9","0.7","1.1","15.2","13","16.5","6.3","102.6","110.5"
"","Bogdan Bogdanovic","Atl","G","32.3","9","24.9","20","14.2","14","1","31","0.484","59","0.339","0.5","0.541","11.6","3.4","2.2","1.1","0.3","1.7","15","13.8","17.2","7.1","104.2","107.1"
"","Naji Marshall","Dal","F","26.9","20","24.1","18.8","14.5","34","0.882","120","0.65","51","0.294","0.588","0.621","11.6","3.4","2.4","1","0.1","1.5","14.9","14","17.3","7.6","119.8","109.9"
"","Amen Thompson","Hou","G-F","21.8","23","26.4","17.5","17.8","90","0.689","153","0.582","27","0.296","0.561","0.601","11.5","7","1.9","1.1","0.9","1.7","18.4","13.4","20.3","8.1","116.1","98.5"
"","Stephon Castle","San","G","20.1","22","27","21.8","14.5","75","0.733","138","0.449","91","0.275","0.434","0.485","11.5","2.5","3.8","0.8","0.5","1.8","14","15.3","17.8","7.1","101.7","112.9"
"","Ty Jerome","Cle","G-F","27.4","22","18.5","22","15.2","38","0.895","95","0.621","67","0.493","0.67","0.702","11.4","2","3.5","1.3","0","1.3","13.4","14.9","16.9","9.3","132","106"
"","Jabari Smith Jr.","Hou","F","21.6","23","29.8","14.9","6.1","45","0.867","107","0.514","109","0.349","0.519","0.558","11.4","6.8","0.8","0.3","0.9","0.6","18.3","12.3","19.1","5.3","119.8","101.8"
"","Isaiah Hartenstein","Okc","C-F","26.6","7","29.7","17.2","17.1","18","0.556","60","0.583","3","0","0.556","0.564","11.4","12.9","4.4","0.7","1.4","1.9","24.3","15.9","28.7","11.6","117.1","90.2"
"","Tari Eason","Hou","F","23.6","22","22.9","19.9","8.8","43","0.767","140","0.557","66","0.303","0.524","0.554","11.3","6.5","1.1","2.1","1","0.9","17.8","12.4","18.9","7.6","116.2","94.4"
"","Miles McBride","Nyk","G","24.2","17","25.6","17.3","9.9","22","0.909","60","0.5","85","0.435","0.59","0.617","11.2","2.6","2.8","0.9","0.2","0.9","13.8","14","16.6","6.8","124.2","111.8"
"","Onyeka Okongwu","Atl","F-C","24","21","23.7","17.1","10.2","57","0.807","129","0.636","38","0.211","0.563","0.609","11.1","6.5","1.6","0.7","0.7","0.9","17.7","12.8","19.3","8.2","124.9","108.7"
"","Zach Edey","Mem","C","22.6","14","20.1","20.4","17.9","33","0.667","95","0.611","10","0.6","0.638","0.653","11.1","6.9","0.8","0.9","1","1.6","18.1","11.9","18.9","7.8","118.3","95.5"
"","Dalton Knecht","Lal","F","23.6","22","24.2","17.4","5.4","22","0.773","72","0.583","119","0.403","0.597","0.61","11.1","3.4","1.1","0.5","0","0.5","14.5","12.3","15.6","5.7","119.6","115.6"
"","Harrison Barnes","San","F","32.5","22","28.5","14.4","9.4","65","0.815","93","0.527","71","0.423","0.573","0.626","11","4.6","1.5","0.3","0.2","0.8","15.6","12.5","17.1","5.9","128.2","116.6"
"","Scotty Pippen Jr.","Mem","G","24.1","23","23.7","20.2","18.3","48","0.75","135","0.533","70","0.343","0.527","0.557","11","3.7","5.3","1.1","0.3","2","14.7","16.3","20","10.1","112.8","102.1"
"","Corey Kispert","Was","F","25.8","19","27.6","17.1","10.2","24","0.833","72","0.569","112","0.313","0.508","0.532","10.9","3.4","1.5","0.6","0.2","1.1","14.3","12.4","15.8","5.5","101.8","120.7"
"","Walker Kessler","Uta","C","23.4","15","28.8","13","18.1","41","0.585","95","0.737","0","0","0.737","0.725","10.9","10.5","1.3","0.5","2.8","1.4","21.4","12.3","22.7","7.4","132.9","112"
"","Dorian Finney-Smith","Bro","F","31.6","15","29","15","11.6","18","0.611","39","0.564","83","0.422","0.611","0.616","10.7","4.3","1.8","0.9","0.5","1.1","14.9","12.5","16.7","6","119.7","109.8"
"","Jose Alvarado","Nor","G","26.7","11","25.6","18.4","12.1","17","0.824","41","0.39","60","0.4","0.515","0.544","10.7","2.2","4.5","1.5","0.3","1.3","12.9","15.2","17.4","7.4","115.7","113.5"
"","Rudy Gobert","Min","C","32.4","21","34.1","11.8","21.2","71","0.789","126","0.659","0","0","0.659","0.706","10.6","11.1","2.1","0.7","1.5","1.6","21.7","12.7","23.8","7.4","135","101.8"
"","Grayson Allen","Pho","G","29.2","17","23.5","19.3","12","39","0.821","35","0.543","104","0.356","0.536","0.58","10.6","2.9","1.8","0.6","0.4","1.1","13.5","12.5","15.4","6.5","111.8","113.6"
"","Alexandre Sarr","Was","C","19.6","20","26.8","19.9","11.8","44","0.659","121","0.479","88","0.25","0.435","0.462","10.6","6.3","2","0.8","1.9","1.4","16.9","12.6","18.9","7.6","97.2","114.4"
"","Clint Capela","Atl","C","30.6","23","22.8","17.1","9.4","48","0.563","183","0.585","0","0","0.585","0.59","10.5","9.5","1.3","0.7","0.9","0.8","20","11.8","21.3","8.9","123.9","106.7"
"","Chris Paul","San","G","39.6","22","28.8","15.7","17.5","33","1","64","0.563","115","0.357","0.545","0.589","10.4","3.7","8.3","1.4","0.2","1.7","14.1","18.6","22.4","9.5","127.6","109.8"
"","T.J. McConnell","Ind","G","32.7","22","19.6","23.4","16.1","23","0.739","179","0.575","8","0.25","0.567","0.581","10.4","2.6","3.9","1.3","0.2","1.6","13","14.3","17","9.6","111.8","114.7"
"","Derrick Jones Jr.","Lac","F","27.8","24","25.6","16.4","12.3","31","0.871","121","0.545","72","0.417","0.575","0.602","10.4","3.5","1","1.3","0.2","1.1","13.9","11.3","14.8","5.2","114.4","104.4"
"","Grant Williams","Cha","F","26","16","29.9","14.8","18.5","37","0.838","49","0.551","74","0.365","0.549","0.596","10.4","5.1","2.3","1.1","0.8","1.8","15.5","12.7","17.8","6.6","113.7","108.6"
"","De'Anthony Melton","Gol","G","26.5","6","20.2","23.1","15.6","8","0.5","19","0.474","35","0.371","0.528","0.53","10.2","3.3","2.8","1.2","0.3","1.7","13.5","13","16.3","9","104.1","96.4"
"","Duncan Robinson","Mia","F","30.6","19","22.2","20.6","8.3","13","0.769","52","0.462","125","0.36","0.517","0.528","10.2","2.3","2.2","0.5","0.2","0.8","12.4","12.4","14.6","6.7","107.5","107.4"
"","Amir Coffey","Lac","G-F","27.5","24","24","15.9","8.7","39","0.846","85","0.541","93","0.43","0.596","0.628","10.2","2.6","1.3","0.6","0","0.7","12.8","11.5","14.1","5.4","123.9","109.3"
"","Dalano Banton","Por","F","25.1","20","16.8","27.1","17.5","48","0.667","98","0.469","67","0.388","0.515","0.543","10.1","2.4","2.6","1","0.6","1.8","12.5","12.7","15","9.5","104.4","112.8"
"","Royce O'Neale","Pho","F","31.5","21","25.4","16.5","10.5","19","0.737","58","0.448","113","0.425","0.573","0.585","10","6","2","1","0.7","1","16","12","18","7.8","116.7","107"
"","Chris Boucher","Tor","F","31.9","23","17.9","22.2","8","51","0.765","96","0.615","87","0.276","0.519","0.557","10","4.5","0.7","0.5","0.7","0.7","14.4","10.6","15.1","7.1","114","112"
"","Guerschon Yabusele","Phi","F","29","20","24.6","17.1","15.2","31","0.581","69","0.58","81","0.407","0.597","0.602","9.9","5.9","2","0.7","0.5","1.4","15.8","11.8","17.7","7.9","116.7","104.6"
"","Patrick Williams","Chi","F","23.3","15","28.9","16.7","17.9","25","0.84","62","0.355","71","0.394","0.481","0.517","9.9","5","2.3","1","0.5","1.9","14.9","12.3","17.3","6.7","98.4","117.4"
"","Jaden McDaniels","Min","F","24.2","21","29.8","15.7","11.4","26","0.692","107","0.551","80","0.3","0.508","0.524","9.9","3.7","1.8","1.1","0.8","1.1","13.6","11.7","15.4","5.4","105.9","102.8"
"","Marcus Smart","Mem","G","30.8","13","21.5","20.9","20.7","35","0.829","38","0.474","65","0.323","0.481","0.541","9.8","2.5","4.5","1.5","0.5","2.1","12.4","14.3","16.8","8.9","109.5","105.3"
"","Aaron Wiggins","Okc","G","25.9","22","21.1","19.5","9.7","15","0.8","102","0.5","84","0.405","0.548","0.561","9.8","3.7","1.6","0.9","0.3","0.9","13.5","11.4","15.1","7.3","111.8","104.6"
"","Al Horford","Bos","C-F","38.5","17","28","13.3","11.9","6","1","34","0.618","92","0.424","0.631","0.641","9.7","5.1","2.4","0.8","0.9","1","14.8","12.1","17.1","7","125.8","108.2"
"","Tim Hardaway Jr.","Det","G-F","32.7","21","27.5","14.3","7.4","37","0.892","54","0.5","109","0.358","0.525","0.569","9.7","1.9","1.6","0.2","0","0.6","11.6","11.3","13.2","4.5","117.2","116.6"
"","Obi Toppin","Ind","F","26.8","22","20","18.4","9","23","0.87","89","0.719","72","0.306","0.602","0.625","9.7","3.7","1.6","0.6","0.4","0.7","13.4","11.4","15","7.7","121.8","114.6"
"","Caleb Martin","Phi","F","29.2","18","31.1","16.2","18.7","56","0.661","97","0.464","51","0.294","0.456","0.498","9.6","4.9","2.4","1.1","0.5","1.9","14.4","12","16.9","6.2","99.3","112.7"
"","Luguentz Dort","Okc","G","25.6","22","29.2","13.6","7.3","29","0.828","62","0.452","116","0.379","0.528","0.556","9.6","4.5","1.9","1.1","0.9","0.6","14.2","11.5","16","6","118.6","100.5"
"","Robert Williams III","Por","C-F","27.1","7","18.8","15.9","15.4","13","0.923","36","0.722","2","0.5","0.724","0.766","9.6","6","1.4","1.1","1.9","1","15.6","11","17","9.2","141.6","111.1"
"","Trendon Watford","Bro","G-F","24.1","10","18.5","24.9","17.7","30","0.833","49","0.51","25","0.28","0.48","0.55","9.6","3.3","1.3","0.5","0.4","1.6","12.9","10.9","14.2","7.5","100","102.6"
"","Isaiah Joe","Okc","G","25.4","20","22.1","16.8","5.9","10","0.7","34","0.529","126","0.389","0.572","0.578","9.5","2.8","1.7","0.8","0.3","0.5","12.3","11.2","14","6.4","118.1","103.8"
"","Peyton Watson","Den","G","22.2","20","25.2","14.9","10.7","42","0.786","94","0.543","48","0.375","0.549","0.589","9.5","3.5","1.3","0.8","1","0.9","12.9","10.8","14.2","5.6","117.1","110.7"
"","Nickeil Alexander-Walker","Min","G","26.3","21","24.3","15.9","18.5","27","0.778","61","0.59","80","0.438","0.628","0.648","9.4","2.8","2.6","1","0.4","1.5","12.2","12","14.8","6.7","118","106.6"
"","Toumani Camara","Por","F","24.6","22","31","13.8","16.6","25","0.68","89","0.461","92","0.391","0.525","0.539","9.4","5.2","2.2","1.5","0.4","1.6","14.6","11.6","16.8","6.1","107.9","111.2"
"","Jaime Jaquez Jr.","Mia","G","23.8","16","22","21.2","15.8","42","0.69","96","0.469","32","0.313","0.469","0.509","9.3","5.6","2.4","1.1","0.1","1.5","14.9","11.7","17.3","9.1","104.7","106.3"
"","Carlton Carrington","Was","G","19.4","20","28.2","16.1","19.3","25","0.8","81","0.469","86","0.349","0.497","0.522","9.3","4","4.1","1.1","0.3","2","13.3","13.4","17.4","7.6","99.4","113.9"
"","Aaron Nesmith","Ind","G-F","25.1","6","22.7","14.8","12.1","13","0.846","25","0.52","11","0.545","0.611","0.659","9.2","4","1","0.7","0.3","0.8","13.2","10.2","14.2","5.9","123.4","102.3"
"","Jay Huff","Mem","C","27.3","23","15.2","19.6","9","35","0.714","51","0.706","90","0.422","0.66","0.675","9.2","2.4","0.8","0.3","1.3","0.6","11.6","10","12.4","6.9","126.4","105.1"
"","Nic Claxton","Bro","C","25.6","17","24.8","15.3","17.2","38","0.421","104","0.654","2","0.5","0.656","0.632","9.1","7.6","2.2","0.6","1.2","1.3","16.8","11.4","19","8.6","120.9","106.3"
"","Quentin Grimes","Dal","G","24.6","21","20.6","17","15.8","38","0.684","57","0.579","76","0.434","0.62","0.638","9.1","3.7","1.5","0.8","0.2","1.2","12.8","10.6","14.2","7.2","117.4","105.1"
"","Dereck Lively II","Dal","C","20.8","18","22.9","14.2","17.6","45","0.6","98","0.694","0","0","0.694","0.692","9.1","7.6","2.3","0.6","1.6","1.2","16.6","11.3","18.9","9.5","136.4","99.6"
"","Taurean Prince","Mil","F","30.7","21","28.4","11.9","15.3","13","0.846","51","0.431","81","0.556","0.678","0.69","9","4.5","1.9","0.9","0.2","1.1","13.5","11","15.4","6","124.1","108.8"
"","Kevin Huerter","Sac","G-F","26.3","20","25.8","16.6","10.5","15","0.667","57","0.667","114","0.272","0.494","0.504","9","3.5","2","1.1","0.6","1","12.4","10.9","14.4","6.2","101.2","107.4"
"","Jalen Wilson","Bro","F","24.1","22","25","15.3","11.7","40","0.875","68","0.559","82","0.354","0.543","0.591","9","3.6","1.6","0.4","0","0.9","12.6","10.6","14.3","6","117.4","112.1"
"","Yves Missi","Nor","C","20.6","22","24.7","15.4","16","65","0.615","142","0.556","0","0","0.556","0.58","9","8","1.3","0.7","1.2","1.2","17","10.3","18.3","7.4","117.7","113.3"
"","Trentyn Flowers","Lac","F","19.7","1","14.4","31.2","9.6","1","1","7","0.571","2","0","0.444","0.477","9","4","0","0","0","1","13","9","13","0","90.9","90.6"
"","Jusuf Nurkic","Pho","C","30.3","16","24.1","19.7","24.8","52","0.673","65","0.508","47","0.298","0.482","0.53","8.9","9.9","1.3","0.9","0.6","2.3","18.9","10.3","20.2","8.1","96.3","98.9"
"","Draymond Green","Gol","F","34.8","19","28.5","14.6","25.3","48","0.604","55","0.473","72","0.403","0.547","0.567","8.8","6.2","6","1","1.1","2.3","15.1","14.8","21.1","9.7","113.1","99.3"
"","Donte DiVincenzo","Min","G","27.8","21","25.5","18.1","16.8","16","0.75","39","0.436","139","0.331","0.483","0.497","8.8","3","3.5","1.3","0.2","1.7","11.8","12.3","15.3","7.1","100.1","105.6"
"","Gary Trent Jr.","Mil","G","25.9","19","25.6","14.9","7","18","0.889","50","0.4","96","0.385","0.517","0.542","8.8","2.1","1","0.9","0.1","0.6","10.9","9.8","11.9","4.1","106.6","109"
"","Kevin Porter Jr.","Lac","G-F","24.6","21","18.7","27.5","20.8","35","0.629","137","0.496","49","0.184","0.438","0.459","8.8","3.5","2.8","0.9","0.3","2.3","12.3","11.6","15.1","9.5","88.1","104.5"
"","Jalen Duren","Det","C","21.1","22","24","15.1","28","66","0.576","113","0.681","0","0","0.681","0.676","8.7","9.2","2.5","0.3","1.3","2","17.9","11.2","20.4","9.7","120.2","100.4"
"","Jake LaRavia","Mem","F","23.1","23","23.3","14.7","18.7","56","0.696","88","0.58","51","0.392","0.583","0.614","8.7","4.8","3.7","0.8","0.7","1.4","13.5","12.4","17.2","9.2","123.5","103.9"
"","Mike Conley","Min","G","37.2","17","25.5","16.6","15.9","28","0.893","39","0.333","88","0.364","0.48","0.528","8.6","2.9","4.5","1.5","0.2","1.4","11.6","13.2","16.1","7.6","113.5","105.5"
"","Kentavious Caldwell-Pope","Orl","G","31.8","23","29.9","12.3","9.3","29","0.966","53","0.604","112","0.313","0.512","0.554","8.6","2.2","1.8","1.6","0.6","0.7","10.7","10.3","12.5","4.3","112.9","104.1"
"","Ziaire Williams","Bro","F","23.2","21","21.8","19.2","10.7","44","0.795","93","0.495","66","0.273","0.459","0.507","8.6","4.4","1.1","1","0.3","0.9","13","9.8","14.1","6.4","103.4","105.1"
"","Cody Martin","Cha","F","29.2","22","25.4","14.6","11.2","32","0.656","81","0.531","77","0.351","0.528","0.546","8.5","4.6","2.4","1","0.7","0.9","13.2","10.9","15.5","7.2","116.6","110.8"
"","Sam Hauser","Bos","F","27","18","22.7","14.6","5.8","2","1","22","0.773","107","0.364","0.585","0.589","8.5","3.5","1.1","0.8","0.2","0.4","12","9.6","13.1","5.6","120.9","108.7"
"","Georges Niang","Cle","F","31.5","23","20.2","17.7","12.3","9","0.778","55","0.655","109","0.349","0.567","0.575","8.4","3.7","1.1","0.3","0.2","1","12","9.5","13.2","6.4","106.7","103.6"
"","Julian Strawther","Den","G","22.6","20","20.2","17","11.5","34","0.794","63","0.492","67","0.388","0.538","0.576","8.4","2","1.3","0.8","0.4","0.9","10.3","9.7","11.6","5.5","111.1","105.9"
"","Jaylen Nowell","Nor","G","25.4","8","21","21.6","9.8","11","0.636","46","0.391","27","0.296","0.411","0.43","8.4","2.5","2.3","0.1","0.5","1","10.9","10.6","13.1","6.9","94.4","120.2"
"","Anthony Black","Orl","G","20.9","24","24.2","18.5","24.9","59","0.729","107","0.505","59","0.271","0.47","0.518","8.3","2.8","4.1","0.9","0.7","2.3","11.1","12.4","15.2","7.5","99.3","102.4"
"","Josh Okogie","Pho","G","26.3","11","15.4","21.6","12.1","20","0.65","43","0.558","22","0.455","0.6","0.617","8.3","3.4","0.7","1","0.1","0.8","11.6","9","12.4","7","118.3","109.1"
"","Cameron Payne","Nyk","G","30.3","17","17.8","18.9","8","11","0.818","47","0.426","68","0.441","0.565","0.58","8.2","1.9","3.4","0.7","0.4","0.6","10.1","11.5","13.5","8.4","126.5","104.8"
"","Garrison Mathews","Atl","G","28.1","18","17.9","14.7","9.5","29","0.828","15","0.4","80","0.463","0.647","0.682","8.2","1.1","1.4","0.7","0.2","0.6","9.2","9.6","10.7","5.2","131.5","111.6"
"","A.J. Green","Mil","G","25.2","20","20.5","13.9","9.4","6","0.833","9","0.667","106","0.462","0.691","0.697","8.2","2.2","1","0.6","0.1","0.6","10.4","9.2","11.4","5.1","126.1","107.7"
"","Andre Drummond","Phi","C","31.3","17","20.3","19.7","21.6","47","0.553","99","0.545","6","0.167","0.529","0.545","8.1","8.2","0.6","1.3","0.5","1.7","16.2","8.6","16.8","6.7","103.1","98.5"
"","Goga Bitadze","Orl","C-F","25.4","19","22.2","13.8","20.6","31","0.774","89","0.73","7","0","0.677","0.702","8.1","7","1.7","0.8","1.6","1.3","15.1","9.8","16.8","8.3","128.9","96.2"
"","Spencer Dinwiddie","Dal","G","31.7","21","21.2","14.8","10.9","42","0.857","46","0.457","76","0.395","0.541","0.598","8","1.7","3.1","0.6","0.3","0.7","9.7","11.1","12.9","6.6","127.9","109.7"
"","Brandin Podziemski","Gol","G","21.8","20","24.8","16.8","13.7","28","0.75","92","0.511","71","0.211","0.426","0.456","8","5","3.5","0.8","0.4","1.3","13","11.5","16.5","8.4","102.5","104.7"
"","DaQuan Jeffries","Cha","G-F","27.3","1","15.7","15.9","0","2","0.5","3","0.667","2","0.5","0.7","0.68","8","1","1","0","0","0","9","9","10","5.1","143.6","109.6"
"","Larry Nance Jr.","Atl","F-C","31.9","9","15.6","13.8","8.5","2","0.5","21","0.667","22","0.636","0.814","0.809","7.9","2.4","1.2","0.8","0.3","0.4","10.3","9.1","11.6","7.3","148.2","111.5"
"","Andrew Nembhard","Ind","G-F","24.9","9","24.5","16.9","14.9","14","0.857","49","0.449","19","0.263","0.434","0.479","7.9","1.8","4.6","1","0","1.3","9.7","12.4","14.2","6.6","103.6","114.1"
"","Moses Moody","Gol","G","22.5","21","16.5","19.7","11.4","35","0.714","54","0.5","78","0.372","0.534","0.563","7.9","2","1","0.3","0.3","0.8","9.9","8.9","10.8","6.1","108.8","107.7"
"","Brice Sensabaugh","Uta","F","21.1","15","16.4","20.6","19.1","12","0.917","33","0.485","60","0.417","0.575","0.6","7.9","2.3","0.7","0.5","0.1","1.5","10.2","8.6","10.9","5.7","103.7","118.5"
"","Jalen Smith","Chi","F-C","24.7","20","14.4","21.3","10.5","30","0.767","52","0.577","67","0.358","0.555","0.586","7.8","5.1","0.8","0.4","0.7","0.7","12.8","8.5","13.6","8.8","116.2","108.3"
"","Herbert Jones","Nor","F","26.2","5","28.9","13","14.2","6","0.5","20","0.6","16","0.25","0.5","0.505","7.8","3.4","1.8","2.2","0.4","1.2","11.2","9.6","13","5","99.7","112.8"
"","Trayce Jackson-Davis","Gol","F","24.8","21","17.2","17.3","12.2","28","0.571","121","0.612","1","0","0.607","0.61","7.8","4.9","2","0.3","0.7","0.8","12.7","9.9","14.8","9.9","124.4","105.2"
"","Talen Horton-Tucker","Chi","G","24","17","11.5","22.6","10.7","29","0.724","48","0.583","35","0.514","0.663","0.684","7.7","1.9","1.6","0.2","0.3","0.6","9.6","9.4","11.3","9.9","131.9","115.8"
"","Nikola Jovic","Mia","F","21.5","14","18.2","18","8.3","20","0.8","44","0.568","44","0.318","0.523","0.558","7.7","3.7","1.3","0.9","0.1","0.6","11.4","9","12.7","7.3","114","104.7"
"","Wendell Carter Jr.","Orl","C-F","25.6","11","25.6","12.7","14.2","28","0.714","36","0.722","24","0.167","0.533","0.581","7.6","7.6","2.3","1","0.6","0.9","15.3","9.9","17.5","8","123.2","96.6"
"","Noah Clowney","Bro","F-C","20.4","15","16.6","20.6","10.4","21","0.714","33","0.424","61","0.377","0.516","0.542","7.5","3.1","0.7","0.3","0.6","0.7","10.6","8.1","11.3","6.1","105.9","104.5"
"","Tristan da Silva","Orl","F","23.6","20","23.7","14.1","6.8","16","0.75","66","0.5","71","0.338","0.504","0.521","7.5","3.7","1.7","0.4","0.2","0.5","11.2","9.2","12.8","6.1","111.7","106.6"
"","Kyshawn George","Was","F","21","19","26.2","15","11.3","26","0.731","52","0.5","97","0.247","0.416","0.446","7.5","4.1","2.6","0.7","0.7","1","11.6","10.2","14.3","6.6","96.2","113.2"
"","Jordan Miller","Lac","G","24.9","13","15.1","22.6","13.9","22","0.773","61","0.541","19","0.263","0.506","0.546","7.5","2.2","1.2","0.4","0.2","1","9.8","8.8","11","7.2","108.4","107.4"
"","Jeremiah Robinson-Earl","Nor","F","24.1","23","20.5","15.6","12.2","25","0.88","84","0.524","59","0.322","0.507","0.542","7.3","5.2","1.2","0.7","0.1","0.9","12.4","8.4","13.6","7","113.3","115.5"
"","Kyle Filipowski","Uta","C","21.1","14","19","16.2","15.5","29","0.517","46","0.652","30","0.3","0.572","0.575","7.3","4.7","2.1","0.6","0.1","1","12","9.4","14.1","8.8","115.3","112.2"
"","Haywood Highsmith","Mia","F","28","18","25.3","10.9","9.2","13","0.692","44","0.591","54","0.426","0.617","0.627","7.2","2.9","1.2","1.2","0.8","0.6","10.2","8.4","11.4","4.6","123.1","107"
"","Tyrese Martin","Bro","F","25.8","9","14.7","16.9","8.3","5","0.8","11","0.455","33","0.515","0.693","0.703","7.2","2.2","1.1","0.3","0.2","0.4","9.4","8.3","10.6","7.1","131.6","111.1"
"","Josh Green","Cha","G","24.1","20","27","11.1","11.7","13","0.615","54","0.389","66","0.455","0.55","0.557","7","2.6","1.7","0.7","0.3","0.8","9.6","8.7","11.3","4.7","114.9","110.8"
"","Sam Merrill","Cle","G","28.6","19","19.8","14.5","7.3","8","0.875","13","0.692","101","0.356","0.553","0.566","7","1.9","1.8","0.6","0.3","0.5","8.9","8.8","10.7","5.8","116.8","106.9"
"","Isaiah Jackson","Ind","F","22.9","5","16.8","17.6","17.7","14","0.5","23","0.609","0","0","0.609","0.6","7","5.6","1","0.6","1.6","1","12.6","8","13.6","8.1","118.3","101.1"
"","JT Thor","Cle","F","22.3","2","7.2","23.6","26.9","2","1","3","1","2","1","1.2","1.19","7","1","0","1","1","1","8","7","8","0","138.3","93.6"
"","Quenton Jackson","Ind","G","26.2","14","17.1","16.5","13","17","0.706","50","0.58","23","0.391","0.582","0.603","6.9","1.9","2","0.6","0.4","0.8","8.9","8.9","10.9","6.9","119.3","110.7"
"","Cason Wallace","Okc","G","21.1","22","26.2","11.8","5.7","7","0.857","81","0.531","67","0.299","0.493","0.503","6.9","3.3","2.1","1.7","0.7","0.4","10.2","9","12.3","5.5","115.2","103"
"","Kevin Love","Mia","F-C","36.2","10","12.5","26.1","9.8","9","0.667","26","0.346","38","0.395","0.492","0.508","6.9","5.4","1.4","1.3","0.2","0.7","12.3","8.3","13.7","12","107.7","96.3"
"","Davion Mitchell","Tor","G","26.3","23","27.6","14","23","26","0.654","80","0.5","77","0.26","0.446","0.466","6.8","2.3","5.2","0.9","0.2","2","9.1","12","14.3","6.3","98.8","111.4"
"","Malaki Branham","San","F","21.6","17","12.7","23.6","19","20","0.85","51","0.49","38","0.421","0.551","0.588","6.8","1.7","1.2","0.4","0.1","1.2","8.5","7.9","9.6","7.6","101.9","112.4"
"","Keon Ellis","Sac","G","24.9","21","20.7","12.4","15.7","25","0.8","28","0.571","68","0.441","0.635","0.664","6.8","2","0.9","1","0.9","0.9","8.8","7.7","9.7","4.5","121.1","108.2"
"","Brandon Clarke","Mem","F","28.2","22","18","13.3","7.4","19","0.632","97","0.68","16","0.063","0.597","0.606","6.7","4.6","0.8","0.7","0.4","0.4","11.3","7.5","12.1","6.5","126.1","101.7"
"","Luke Kennard","Mem","G","28.4","14","19.7","12.9","12.1","14","0.786","20","0.5","52","0.404","0.576","0.601","6.7","2.4","2.9","0.6","0.1","0.7","9.1","9.6","12.1","7.3","126.5","112.7"
"","Elfrid Payton","Nor","G","30.8","7","20.5","19.6","30.2","2","0.5","45","0.511","1","0","0.5","0.501","6.7","3.4","6.9","1.4","0.4","2.9","10.1","13.6","17","10.5","99","113.3"
"","Kris Dunn","Lac","G","30.7","24","22.6","13.9","15.2","10","0.5","75","0.547","70","0.329","0.521","0.522","6.5","3.9","2.6","1.5","0.3","1.1","10.4","9.1","13","7.1","107.5","98.8"
"","Jonathan Isaac","Orl","F","27.2","21","16.9","16.4","7.4","28","0.679","55","0.6","58","0.293","0.518","0.543","6.5","4.7","0.2","0.9","1.4","0.4","11.2","6.7","11.4","4.3","114.8","99.1"
"","Javonte Green","Nor","G","31.4","23","24","11.7","9.6","39","0.769","68","0.5","54","0.315","0.488","0.535","6.5","3.4","0.9","1.2","0.7","0.6","9.9","7.3","10.7","4.5","112.5","117.4"
"","Jaden Hardy","Dal","G","22.4","22","14.6","23.1","18.9","25","0.88","74","0.459","59","0.305","0.459","0.5","6.5","1.4","1.2","0.6","0","1.4","7.9","7.8","9.1","6.1","92.1","106.8"
"","Jaxson Hayes","Lal","C-F","24.5","11","17.4","12.4","18","23","0.783","36","0.722","0","0","0.722","0.759","6.4","4.5","0.8","0.4","0.8","0.7","10.9","7.2","11.7","6.5","143.4","104.9"
"","Simone Fontecchio","Det","F","29","22","18","15.6","12.1","28","0.786","38","0.526","78","0.333","0.509","0.546","6.4","3.1","0.8","0.3","0.2","0.7","9.5","7.1","10.2","5.6","107.3","109.8"
"","Vasilije Micic","Cha","G","30.9","11","19.4","20","19.5","9","0.667","45","0.333","33","0.333","0.404","0.421","6.3","2.7","3.1","0.5","0","1.7","9","9.4","12.1","7.7","91.4","114.2"
"","Terance Mann","Lac","G-F","28.1","23","21","13.5","9.2","24","0.667","81","0.494","47","0.34","0.5","0.52","6.3","3.1","1.7","1","0.2","0.6","9.3","8","11.1","6.1","114","103.2"
"","Neemias Queta","Bos","C","25.4","18","18.2","12.8","13.7","22","0.773","73","0.658","2","0","0.64","0.667","6.3","5.3","0.8","0.2","1","0.7","11.6","7.1","12.3","6.6","134.7","101.8"
"","Isaiah Stewart","Det","F-C","23.5","24","21.7","12.1","21","33","0.879","85","0.624","20","0.25","0.576","0.628","6.3","6.2","1.9","0.5","1.4","1.2","12.4","8.1","14.3","7.7","123.8","101.7"
"","Marcus Sasser","Det","G","24.2","16","13.2","18.4","13.6","6","1","44","0.636","32","0.406","0.625","0.642","6.3","1.1","1.5","0.8","0.1","0.8","7.4","7.8","8.9","6.6","120.8","111.5"
"","Zach Collins","San","F-C","27","22","14.9","17.8","17.2","31","0.903","66","0.545","35","0.343","0.535","0.593","6.2","3.4","1.9","0.5","0.5","1","9.6","8","11.5","9.2","118.6","100.3"
"","Bones Hyland","Lac","G","24.2","9","8.4","34.2","18.1","12","0.833","14","0.214","31","0.419","0.5","0.547","6.1","1.1","0.7","0.7","0.2","1.1","7.2","6.8","7.9","8","97.5","98.3"
"","James Wiseman","Ind","C","23.7","1","4.6","45.9","0","2","1","3","0.667","1","0","0.5","0.615","6","1","0","0","0","0","7","6","7","0","123.7","121.7"
"","Isaac Okoro","Cle","F-G","23.9","21","20.9","10.7","6.9","17","0.647","40","0.5","54","0.463","0.612","0.621","6","2.3","1.8","0.7","0.4","0.3","8.3","7.8","10.1","5.6","134.3","106.7"
"","Dariq Whitehead","Bro","G-F","20.3","3","8.7","24","21.4","0","0","1","0","10","0.6","0.818","0.818","6","1","0.3","0.7","0.3","1","7","6.3","7.3","5.6","106.6","113.9"
"","Pelle Larsson","Mia","G","23.8","15","16.3","14.2","11.2","20","0.55","34","0.676","29","0.379","0.627","0.627","6","2","1.5","0.6","0","0.5","8","7.5","9.5","6.4","124.9","102.6"
"","Ryan Dunn","Pho","F","21.9","19","17.8","16.1","8.3","8","0.25","39","0.59","71","0.31","0.509","0.502","6","2.7","0.7","0.5","0.5","0.5","8.7","6.7","9.4","5","100.1","104"
"","Jamison Battle","Tor","F","23.6","22","14","14.8","7.6","11","0.818","24","0.625","73","0.425","0.634","0.648","6","2.1","1","0.1","0.2","0.4","8.1","7","9","6.6","129.7","113.2"
"","Ausar Thompson","Det","G-F","21.8","5","15.3","22.5","21.5","7","0.429","20","0.45","9","0.333","0.466","0.468","6","3","2.8","0.4","0.6","1.6","9","8.8","11.8","9.7","97","102.3"
"","Shake Milton","Bro","G","28.2","19","16.3","15.5","11","17","0.706","48","0.521","41","0.415","0.567","0.586","5.9","1.5","2.2","0.4","0.1","0.6","7.5","8.1","9.6","6.6","121.3","115.3"
"","KJ Martin","Phi","F","23.9","17","18.2","11.6","9.9","26","0.846","51","0.647","12","0.333","0.619","0.672","5.9","2.6","0.9","0.4","0.8","0.4","8.5","6.8","9.4","5.3","134.9","105"
"","Lindy Waters III","Gol","F","27.4","17","17.1","13.7","4.2","5","0.8","28","0.536","62","0.355","0.533","0.542","5.9","2.5","1.3","0.5","0.3","0.2","8.4","7.2","9.6","6.3","118.5","104.1"
"","Johnny Juzang","Uta","G","23.7","17","16.3","15.9","9.1","13","0.846","25","0.48","65","0.338","0.5","0.528","5.9","2.2","1.2","0.4","0.2","0.5","8.2","7.1","9.4","6.1","112.6","112.5"
"","Cam Whitmore","Hou","F","20.4","8","9.9","30.2","5.9","16","0.625","27","0.63","21","0.048","0.385","0.427","5.9","1.4","0.5","0.1","0.1","0.4","7.3","6.4","7.8","6.5","94.2","100.8"
"","David Roddy","Atl","F","23.7","13","15.4","13.2","21.5","13","0.846","24","0.708","23","0.435","0.681","0.711","5.8","3","1.5","0.5","0.2","1","8.8","7.2","10.2","7.7","120","112.5"
"","Ben Sheppard","Ind","G","23.4","13","20.9","11.3","7","0","0","19","0.474","47","0.404","0.568","0.568","5.8","2.2","1.3","0.4","0.3","0.4","8","7.1","9.3","4.9","114.7","110.8"
"","Donovan Clingan","Por","C","20.8","17","17","14.6","18.2","22","0.727","67","0.552","9","0.333","0.546","0.578","5.8","6.7","0.3","0.5","2.2","1","12.5","6.1","12.8","5.3","114.5","99.1"
"","Kyle Lowry","Phi","G","38.7","14","23.4","11.2","14.6","19","0.789","15","0.467","49","0.347","0.508","0.553","5.7","2.3","3.1","1.1","0.4","0.8","8","8.9","11.1","5.9","119.6","110.1"
"","Keon Johnson","Bro","G","22.7","21","16.8","18.8","13.3","11","0.727","46","0.457","78","0.295","0.448","0.462","5.7","3","1.1","0.5","0.3","0.9","8.7","6.8","9.8","6.3","91.9","106.4"
"","Max Christie","Lal","G","21.8","21","18.3","13.7","12.5","37","0.865","50","0.54","41","0.268","0.478","0.555","5.7","2.1","1.2","0.7","0.4","0.6","7.8","6.9","9","5.3","113.9","115.6"
"","Ajay Mitchell","Okc","G","22.4","22","16.1","15.3","13.9","13","0.769","75","0.507","30","0.433","0.548","0.564","5.7","1.5","1.6","0.9","0","0.8","7.1","7.3","8.7","5.9","110.2","100.3"
"","Kenrich Williams","Okc","G-F","30","12","13.1","14.6","3.9","6","1","22","0.727","27","0.37","0.633","0.658","5.7","3.2","0.9","0.5","0.3","0.2","8.8","6.6","9.8","7.8","139.8","95.8"
"","Ronald Holland II","Det","F","19.4","24","15.8","18.2","15.5","28","0.786","75","0.573","50","0.18","0.452","0.492","5.6","3","0.7","0.5","0.2","1","8.7","6.3","9.4","5.8","94.7","105.8"
"","Ja'Kobe Walter","Tor","G","20.3","9","17.6","19.2","11.4","8","0.625","33","0.455","29","0.172","0.363","0.382","5.6","3.9","1.3","0.4","0.2","0.9","9.4","6.9","10.8","6.9","86.9","107.8"
"","Ben Simmons","Bro","G-F","28.4","17","24","13.1","36.1","8","0.5","74","0.608","0","0","0.608","0.606","5.5","5.8","6.7","0.9","0.6","2.5","11.4","12.2","18.1","10","115.8","105.2"
"","Jonathan Mogbo","Tor","F","23.1","23","15.9","15","18.4","42","0.714","77","0.532","16","0.313","0.522","0.57","5.5","4.1","1.6","0.9","0.4","0.9","9.7","7.1","11.3","8.3","118.5","106.6"
"","Day'Ron Sharpe","Bro","C","23.1","2","16.4","14.7","10.6","4","1","6","0.333","2","0.5","0.438","0.564","5.5","4","1.5","1","0.5","0.5","9.5","7","11","7.8","128.4","107.6"
"","Trey Lyles","Sac","F","29.1","18","19.6","13.1","9.9","14","0.714","25","0.44","66","0.333","0.484","0.504","5.4","3.9","0.9","0.6","0.6","0.6","9.4","6.4","10.3","5.4","106.2","109.6"
"","Kevon Looney","Gol","F","28.8","19","16.1","15.6","15.1","37","0.459","84","0.512","0","0","0.512","0.514","5.4","8","1.7","0.9","0.3","0.8","13.4","7.1","15.1","10.4","121.1","89.3"
"","Kobe Bufkin","Atl","G","21.2","9","13.3","19.9","13.6","18","0.722","26","0.462","18","0.222","0.409","0.472","5.4","2.1","1.9","0.3","0.2","0.8","7.6","7.3","9.4","8.4","103","113.2"
"","Alec Burks","Mia","G","33.4","12","15.1","12.5","4.1","8","0.75","14","0.429","32","0.469","0.62","0.636","5.3","1.9","1.3","0.5","0.3","0.2","7.2","6.6","8.5","6.2","135.1","113.5"
"","Antonio Reeves","Nor","G","22","12","10.8","22.2","6.1","7","0.857","31","0.548","30","0.267","0.475","0.499","5.3","1.3","0.4","0.3","0","0.3","6.7","5.8","7.1","5.2","102.9","119.4"
"","Vince Williams Jr.","Mem","G","24.3","3","14.9","25","26.8","4","0.25","11","0.545","8","0.125","0.395","0.385","5.3","3.7","3","0","0.7","2.3","9","8.3","12","10.4","80.8","94.3"
"","Kyle Anderson","Gol","F-G","31.2","20","15.2","16.4","9.9","20","0.65","66","0.485","34","0.265","0.455","0.478","5.2","3.2","2.6","0.9","0.5","0.6","8.4","7.8","11","9.2","111.8","103.2"
"","Alex Caruso","Okc","G","30.8","14","19.5","14.5","11.1","7","0.714","38","0.5","42","0.238","0.425","0.439","5.2","3","2.1","1.9","0.7","0.7","8.2","7.4","10.4","6.6","98.9","94.1"
"","Jarace Walker","Ind","F","21.3","23","17.9","15.4","24.8","31","0.613","46","0.435","54","0.37","0.5","0.524","5.2","3.5","1.5","1.3","0.3","1.4","8.7","6.7","10.2","6.7","92.7","108.3"
"","Matas Buzelis","Chi","F","20.1","22","11.9","19.3","14.2","21","0.762","46","0.457","50","0.38","0.516","0.546","5.2","2.5","0.3","0.4","0.6","0.7","7.8","5.5","8","5.3","98.8","108"
"","Torrey Craig","Chi","F","34","6","11.1","14.4","0","2","1","4","1","18","0.389","0.659","0.677","5.2","2.2","0.5","0.2","0.2","0","7.3","5.7","7.8","6.4","140.4","107.4"
"","Monte Morris","Pho","G","29.4","16","11.3","17.7","7.5","14","0.857","32","0.531","29","0.414","0.574","0.61","5.1","1.3","1.6","0.4","0.2","0.3","6.4","6.7","7.9","7.8","127.9","115.8"
"","Dean Wade","Cle","F-C","28","15","21.5","11","6.6","15","0.333","11","0.636","60","0.317","0.5","0.49","5.1","4.4","1.5","0.9","0.3","0.3","9.5","6.5","10.9","6","108.9","105.8"
"","Jamal Cain","Nor","F","25.7","13","14.7","14","12.2","14","0.643","25","0.6","25","0.36","0.57","0.588","5.1","2.8","0.7","0.5","0.5","0.5","7.8","5.8","8.5","5.9","115.7","112.4"
"","Tidjane Salaun","Cha","F","19.3","20","18.8","14.1","13.6","19","0.737","33","0.394","68","0.294","0.426","0.457","5","4.1","1","0.6","0.2","0.8","9.1","6","10","5.8","97.7","110.6"
"","Alondes Williams","Det","G","25.5","1","3.7","23.1","0","0","0","1","1","1","1","1.25","1.25","5","0","1","0","0","0","5","6","6","0","0","0"
"","Micah Potter","Uta","C","26.7","3","20","11.2","25","0","0","2","0","10","0.5","0.625","0.625","5","7","1","0.3","0.3","1.3","12","6","13","6.5","114.6","115.1"
"","Mark Williams","Cha","C","23","2","9.7","26","8.7","2","1","10","0.4","0","0","0.4","0.46","5","4","0.5","0.5","0.5","0.5","9","5.5","9.5","8.9","103.7","109.1"
"","Cam Christie","Lac","G","19.4","1","17.8","19.3","12.5","0","0","3","0.333","4","0.25","0.357","0.357","5","3","0","2","0","1","8","5","8","0","72.1","109.4"
"","Seth Curry","Cha","G","34.3","21","12.8","14.2","6.9","9","0.778","38","0.5","42","0.452","0.594","0.607","4.9","1.4","0.4","0.4","0.2","0.3","6.2","5.2","6.6","4.4","122.2","113.3"
"","Pat Connaughton","Mil","G","31.9","15","17","14.9","13.5","12","0.75","26","0.5","44","0.295","0.464","0.491","4.9","3","1.7","0.2","0.3","0.7","7.9","6.7","9.7","6.9","104.2","109.9"
"","Paul Reed","Det","F","25.5","11","9.8","19.3","21.3","15","0.8","24","0.625","9","0.444","0.636","0.682","4.9","2.1","0.5","0.7","0.5","0.8","7","5.4","7.5","7","116.8","94.8"
"","Isaac Jones","Sac","F","24.4","13","9.9","18.6","16.3","15","0.467","38","0.711","3","0.333","0.695","0.672","4.9","1.8","0.2","0.1","0.5","0.6","6.7","5.1","6.8","4.9","115.1","102.6"
"","Mo Bamba","Lac","C","26.6","10","13.6","17.1","13.9","9","0.667","23","0.609","20","0.25","0.5","0.522","4.9","3.9","0.8","0.7","1.2","0.7","8.8","5.7","9.6","7.3","103.3","91.5"
"","Eric Gordon","Phi","G","35.9","16","16.5","16.6","14.4","22","0.773","35","0.429","42","0.238","0.39","0.444","4.8","0.9","1.3","0.6","0.3","0.8","5.8","6.1","7.1","4.3","91.9","115.7"
"","Cole Anthony","Orl","G","24.6","21","9.9","25.4","21.2","32","0.719","47","0.447","38","0.316","0.459","0.51","4.8","2.1","1.7","0.4","0","1.1","6.9","6.5","8.6","10.4","98.5","93.9"
"","Sandro Mamukelashvili","San","F-C","25.5","16","9","18","16","9","0.889","15","0.8","32","0.469","0.734","0.755","4.8","2.7","0.3","0.2","0.3","0.6","7.5","5.1","7.8","7","125","106.8"
"","KJ Simpson","Cha","G","22.3","6","15.1","20.4","19.8","8","0.75","15","0.467","17","0.176","0.359","0.408","4.8","2.3","2.7","0.7","0.2","1.3","7.2","7.5","9.8","8.2","95.9","109.9"
"","Gary Payton II","Gol","G","32","21","12.5","14.3","10.3","8","0.625","56","0.732","22","0.182","0.603","0.607","4.7","2.3","1.1","0.7","0.3","0.4","7","5.9","8.2","7.3","124.4","101.1"
"","Jared Butler","Was","G","24.3","15","9.1","23.8","10.1","21","0.714","50","0.5","12","0.167","0.452","0.498","4.7","0.5","2.3","0.4","0.1","0.5","5.3","7.1","7.6","7.7","111.2","116.1"
"","Keaton Wallace","Atl","G","25.8","12","16.2","14.3","17.8","4","1","29","0.483","26","0.308","0.473","0.493","4.7","1.5","1.8","0.8","0.5","1","6.2","6.5","8","5.8","96.2","112.8"
"","Wendell Moore Jr.","Det","G","23.2","11","14.9","12.6","18.4","12","0.917","26","0.615","9","0.333","0.586","0.645","4.7","3.3","1.1","0.6","0.3","0.7","8","5.8","9.1","6.9","122.4","108"
"","Taylor Hendricks","Uta","F","21","3","24.8","12.3","9.8","4","0.75","6","0.167","12","0.25","0.306","0.354","4.7","5","0.7","1.7","1.3","0.7","9.7","5.3","10.3","4.1","87.6","109.6"
"","Mason Plumlee","Pho","F-C","34.8","20","17.4","12.3","21.2","38","0.526","63","0.571","0","0","0.571","0.577","4.6","5.9","1.7","0.4","0.7","0.9","10.5","6.3","12.2","8.2","120","103.9"
"","Julian Phillips","Chi","F","21.1","22","15","13.5","9.3","21","0.619","34","0.559","54","0.315","0.506","0.524","4.6","2.2","0.5","0.7","0.3","0.4","6.9","5.1","7.4","4.6","107.8","112.9"
"","Oso Ighodaro","Pho","F","22.4","16","17.2","10.7","17.9","13","0.769","50","0.64","0","0","0.64","0.664","4.6","3.9","0.9","0.4","0.4","0.7","8.6","5.6","9.5","5.9","124.7","105.2"
"","Lonzo Ball","Chi","G","27.1","6","16.2","13.4","16.1","0","0","4","0.75","22","0.318","0.519","0.519","4.5","2.5","3.5","1.2","0.5","0.8","7","8","10.5","8.4","114.1","114.5"
"","Luke Kornet","Bos","C-F","29.4","17","17.5","9.1","12.9","19","0.895","47","0.638","0","0","0.638","0.695","4.5","4.4","1.6","0.6","1.2","0.4","8.9","6.1","10.5","7.2","153.7","105.3"
"","Dalen Terry","Chi","F","22.4","23","13.8","13.9","22.5","28","0.786","47","0.574","25","0.36","0.563","0.611","4.5","1.5","1","0.6","0.3","0.9","6","5.4","6.9","5.5","110.5","112.7"
"","Jamal Shead","Tor","G","22.4","23","14.1","18.3","21.7","12","0.75","64","0.438","44","0.295","0.44","0.459","4.5","0.9","2.8","0.4","0.1","1.3","5.4","7.3","8.3","6.4","94.2","108.8"
"","Ricky Council IV","Phi","G","23.3","17","11.8","16.3","6.1","21","0.857","34","0.529","27","0.259","0.467","0.534","4.4","1.5","0.8","0.2","0.2","0.2","5.9","5.2","6.8","5.9","116.2","113.9"
"","Reggie Jackson","Phi","G","34.6","10","11.9","17.1","15.2","0","0","14","0.357","25","0.44","0.551","0.551","4.3","0.9","2.1","0.6","0.3","0.7","5.2","6.4","7.3","6.8","111.8","112.1"
"","Thomas Bryant","Mia","C-F","27.4","9","12","13.8","6.6","9","1","11","0.545","17","0.353","0.536","0.61","4.3","3.4","0.4","0.1","0.8","0.2","7.8","4.8","8.2","6","128.7","105.5"
"","Kris Murray","Por","F","24.3","19","12.9","15.1","13.6","19","0.368","38","0.579","32","0.313","0.529","0.517","4.3","2.3","0.6","0.4","0.2","0.6","6.6","4.9","7.2","5.6","105.1","113.9"
"","Svi Mykhailiuk","Uta","G-F","27.5","4","12.3","20.3","31.3","4","0.75","2","0.5","13","0.308","0.467","0.507","4.3","0.3","1","1","0.3","1.8","4.5","5.3","5.5","3.5","80","113.1"
"","Blake Wesley","San","G","21.7","18","11.6","19.3","22.3","19","0.684","46","0.543","20","0.2","0.47","0.504","4.2","0.8","1.5","0.4","0.1","1.1","5","5.7","6.5","5.9","95","113.8"
"","Gary Harris","Orl","G","30.2","17","16.6","10.7","10.4","6","0.667","14","0.5","46","0.37","0.542","0.551","4.1","1.4","0.4","0.5","0.3","0.4","5.4","4.5","5.8","3.2","107.8","108.4"
"","Marvin Bagley III","Was","F","25.7","14","6.7","26","16.6","11","0.727","37","0.595","8","0.25","0.556","0.582","4.1","2.5","0.2","0.3","0.1","0.6","6.6","4.4","6.9","7.6","106.8","118.5"
"","Drew Eubanks","Uta","F-C","27.8","18","13.6","13.7","22.8","21","0.571","51","0.569","3","0.333","0.565","0.577","4.1","3.9","1.2","0.2","0.6","0.9","7.9","5.3","9.2","7.9","111.1","112.5"
"","Tre Jones","San","G","24.9","8","17.5","12.6","14.2","14","0.714","18","0.389","12","0.25","0.383","0.456","4.1","2.4","3.3","0.6","0.3","0.6","6.5","7.4","9.8","7.3","114.3","108.8"
"","Reed Sheppard","Hou","G","20.4","23","11.7","16.8","12.8","4","1","42","0.429","53","0.321","0.458","0.47","4","1.1","1.3","0.5","0.3","0.6","5","5.3","6.4","6.1","100.6","102.7"
"","Luka Garza","Min","C","25.9","6","5.1","32.5","9.9","6","0.5","13","0.692","5","0.2","0.583","0.581","4","1.3","0","0.2","0","0.3","5.3","4","5.3","0","105.2","101.6"
"","Josh Richardson","Mia","G","31.2","8","18.7","14","17.2","4","1","16","0.313","22","0.273","0.368","0.402","4","1.5","1.5","1","0.1","1","5.5","5.5","7","4.4","87.7","104.9"
"","Richaun Holmes","Was","F","31.1","3","6.8","26.3","16.1","2","1","9","0.556","1","0","0.5","0.551","4","1.7","0","0","0.7","0.7","5.7","4","5.7","0","97.2","122"
"","Jae Crowder","Sac","F","34.4","5","16.8","11.7","14.7","6","0.833","5","0.6","12","0.25","0.441","0.509","4","3","0.8","0.6","0","0.6","7","4.8","7.8","5.1","108.6","106.1"
"","Aaron Holiday","Hou","G","28.2","13","8.8","14.6","7.8","7","0.714","9","0.556","26","0.462","0.657","0.67","3.9","1","1.2","0.1","0.1","0.2","4.9","5.1","6.1","7.6","139.1","108"
"","Jock Landale","Hou","C","29.1","14","11.1","16.4","12.9","19","0.526","41","0.439","6","0.5","0.479","0.497","3.9","3.3","1","0.2","0.4","0.5","7.2","4.9","8.2","8.4","111.3","100.5"
"","Damion Lee","Pho","G-F","32.1","4","9.4","23.1","17.2","6","1","5","0.6","9","0.111","0.321","0.451","3.8","1.3","1.3","0.5","0","0.8","5","5","6.3","7.9","92.8","114.5"
"","Jett Howard","Orl","G","21.2","22","10.2","17.3","7.8","2","1","17","0.529","65","0.323","0.494","0.501","3.8","1.3","0.4","0.1","0.3","0.3","5","4.2","5.5","4.9","102.1","104.5"
"","Rob Dillingham","Min","G","19.9","11","8.4","22.9","25","0","0","24","0.5","12","0.5","0.583","0.583","3.8","0.8","1.5","0","0","1.1","4.6","5.3","6.1","7.9","98.8","111.8"
"","Nicolas Batum","Lac","G-F","36","24","17.6","9.4","11.2","8","0.75","17","0.412","62","0.371","0.525","0.539","3.7","2.7","1.5","0.3","0.5","0.4","6.4","5.3","7.9","5.6","119.9","107.6"
"","Bruno Fernando","Tor","F-C","26.3","15","9.4","19","22.8","8","0.75","47","0.532","0","0","0.532","0.554","3.7","3.3","1.2","0.2","0.6","0.9","7.1","4.9","8.3","10.4","106.8","98.1"
"","Patty Mills","Uta","G","36.3","9","15.3","12.3","20.3","3","1","7","0.571","24","0.292","0.468","0.495","3.6","0.9","1.4","0.7","0.2","0.9","4.4","5","5.9","4.3","96.9","119.1"
"","Dru Smith","Mia","G","26.9","7","12.2","13.9","22.2","0","0","13","0.385","8","0.625","0.595","0.595","3.6","2.9","1.4","0.9","0.6","0.9","6.4","5","7.9","8","111.7","103.3"
"","Rayan Rupert","Por","G-F","20.5","19","10.8","15.4","15.4","12","0.667","33","0.515","27","0.333","0.508","0.528","3.6","1.6","0.4","0.4","0.1","0.6","5.3","4.1","5.7","4.9","104.2","115.2"
"","Daniel Theis","Nor","F-C","32.7","17","14.3","12.4","16.3","10","0.8","38","0.526","18","0.222","0.464","0.497","3.5","3.4","1.2","0.3","0.6","0.6","6.9","4.8","8.2","6.8","103.5","110"
"","Gabe Vincent","Lal","G","28.5","22","18","11.2","9.3","8","0.5","33","0.515","55","0.236","0.415","0.421","3.5","1.1","0.7","0.7","0","0.4","4.6","4.2","5.3","3.1","87.5","113"
"","Ousmane Dieng","Okc","F","21.5","16","11.6","15.5","6.3","11","0.636","23","0.478","36","0.25","0.415","0.439","3.5","2.6","0.8","0.7","0.3","0.3","6.1","4.3","6.9","6.7","100.9","97.3"
"","Andre Jackson Jr.","Mil","G","23.1","20","18.3","12.4","29.2","8","0.5","35","0.429","35","0.343","0.471","0.476","3.5","3.2","1.4","0.7","0.3","1.5","6.7","4.9","8.1","5.5","86.5","101.8"
"","Cam Reddish","Lal","F-G","25.3","15","19.5","7.4","15.8","12","0.667","17","0.529","20","0.45","0.608","0.627","3.5","2.3","0.6","1","0.3","0.5","5.8","4.1","6.4","3.5","115.7","111.5"
"","Bol Bol","Pho","C-F","25.1","6","5.4","25.7","18.4","6","0.667","8","0.875","5","0.2","0.654","0.671","3.5","1.5","0.2","0","0","0.5","5","3.7","5.2","7.5","117.2","116.7"
"","Dario Saric","Den","F-C","30.7","10","13.6","16.7","21.4","6","0.833","21","0.333","19","0.263","0.363","0.399","3.4","3.5","1.1","0.6","0","1.1","6.9","4.5","8","6.9","84.1","105.3"
"","Johnny Furphy","Ind","G","20","13","10.1","16.3","16.9","5","1","16","0.375","23","0.391","0.5","0.534","3.4","1.5","0.4","0.3","0.3","0.6","4.9","3.8","5.3","5","100.8","116.1"
"","Tristan Thompson","Cle","C-F","33.7","8","7.2","19.1","17.4","6","0","18","0.722","1","0","0.684","0.601","3.3","2.1","0.5","0","0.3","0.5","5.4","3.8","5.9","8.4","104.7","102.8"
"","Nick Smith Jr.","Cha","G","20.6","11","9","17.2","5","0","0","17","0.353","21","0.381","0.474","0.474","3.3","0.8","0.8","0.2","0","0.2","4.1","4.1","4.9","5.7","107.3","119.3"
"","Moses Brown","Ind","C","25.1","9","5.1","26.8","22.8","5","0.6","20","0.65","0","0","0.65","0.653","3.2","1.4","0","0.2","0.1","0.7","4.7","3.2","4.7","0","98.5","104.9"
"","Charles Bassey","San","C-F","24.1","13","8.8","15.6","18.8","11","0.545","30","0.567","0","0","0.567","0.574","3.1","3","0.6","0.5","0.9","0.5","6.1","3.7","6.7","8.1","112.5","98.9"
"","Jabari Walker","Por","F","22.4","17","10.2","16.1","15.5","9","0.889","39","0.487","15","0.133","0.407","0.449","3.1","3.1","0.6","0.3","0.1","0.6","6.1","3.7","6.8","7","97.7","107.1"
"","Moussa Diabate","Cha","F","22.9","22","20","8.3","26.5","15","0.333","58","0.552","0","0","0.552","0.534","3.1","7.8","0.7","0.7","1","1","10.9","3.9","11.6","5.1","113.4","107"
"","Cody Williams","Uta","F","20","16","18.7","11.6","14.1","10","0.6","30","0.367","37","0.189","0.321","0.343","3.1","2.3","1.2","0.4","0.3","0.7","5.4","4.3","6.6","4.4","81.3","117.9"
"","Isaiah Collier","Uta","G","20.2","14","17.1","16.3","38.3","16","0.438","31","0.452","22","0.136","0.349","0.366","3.1","1.6","3.1","0.9","0.1","2.4","4.7","6.2","7.8","5.8","71.1","113"
"","Justin Champagnie","Was","G-F","23.4","3","11.2","12.4","10","0","0","5","0.6","4","0.25","0.5","0.5","3","2.3","1.3","0","0","0.3","5.3","4.3","6.7","7.4","115.2","112"
"","Collin Gillespie","Pho","G","25.4","1","3.5","25.3","0","0","0","1","0","1","1","0.75","0.75","3","0","0","0","0","0","3","3","3","0","0","0"
"","David Duke Jr.","San","G","25.1","1","8.2","25.6","0","2","0.5","3","0.333","1","0","0.25","0.307","3","0","2","0","0","0","3","5","5","0","89.1","110"
"","Taze Moore","Por","G","26.4","2","10","26.7","16.4","2","0.5","6","0.167","4","0.25","0.25","0.276","3","4","0.5","1","0","1","7","3.5","7.5","7.3","71","115.5"
"","Oscar Tshiebwe","Uta","F-C","25","1","15.7","7.4","75.2","4","0.75","0","0","0","0","0","0.852","3","9","0","2","0","1","12","3","12","0","0","89.4"
"","Vit Krejci","Atl","G","24.5","9","10.8","12.4","18.3","7","0.571","11","0.455","11","0.364","0.5","0.518","2.9","1.1","1.1","0.4","0.2","0.6","4","4","5.1","5.6","103.8","104.3"
"","Tyler Kolek","Nyk","G","23.7","15","7","18.7","16.1","4","1","15","0.4","21","0.429","0.542","0.569","2.9","0.8","0.7","0.3","0.1","0.5","3.7","3.6","4.4","6.7","107.7","108.8"
"","Kobe Brown","Lac","F","24.9","7","6.7","19.1","0","2","0.5","14","0.571","6","0.167","0.475","0.479","2.9","2.3","0.6","0.1","0","0","5.1","3.4","5.7","9.5","117","100.1"
"","Ryan Rollins","Mil","G","22.4","11","6.6","21.1","21.6","6","0.833","13","0.308","12","0.5","0.52","0.561","2.8","1","0.8","0.6","0.4","0.6","3.8","3.6","4.6","7.9","103.8","98.9"
"","Craig Porter","Cle","G","24.8","16","9.4","12","22.4","5","0.6","20","0.65","11","0.455","0.661","0.663","2.8","0.9","1.4","0.3","0.4","0.6","3.6","4.1","5","6.5","119.5","111.9"
"","Taj Gibson","Cha","F","39.5","11","11.4","13.3","23.5","3","0.667","27","0.481","2","0.5","0.5","0.511","2.8","3.6","0.4","0.4","0.3","0.8","6.5","3.2","6.8","5.6","99.9","103.2"
"","Delon Wright","Mil","G","32.6","18","16","10","13.1","10","0.5","21","0.381","32","0.281","0.406","0.418","2.7","1.8","1.6","0.7","0.3","0.4","4.5","4.3","6.1","5","103.1","114.1"
"","Josh Minott","Min","F","22","9","8","14.2","18.8","5","0.6","9","1","8","0.125","0.618","0.625","2.7","1.6","0.6","0.2","0.3","0.4","4.2","3.2","4.8","6.9","110.3","95.2"
"","TyTy Washington Jr.","Pho","G","23.1","3","8.9","11.6","14.3","0","0","3","0.333","3","0.667","0.667","0.667","2.7","0.3","1.3","0.7","0","0.3","3","4","4.3","4.6","129","118.9"
"","Doug McDermott","Sac","F","32.9","17","8.4","15.2","2.1","5","0.6","8","0.375","39","0.308","0.447","0.457","2.6","0.8","0.2","0.1","0.1","0.1","3.5","2.8","3.6","3.6","97.2","108.6"
"","Trey Jemison","Nor","C","25","13","11.2","12.7","26.2","13","0.462","28","0.5","0","0","0.5","0.504","2.6","2.8","0.6","0.5","0.5","0.8","5.5","3.2","6.1","5.8","97.1","103.8"
"","DeAndre Jordan","Den","C","36.4","8","9.8","14.4","27.9","4","0.25","18","0.556","0","0","0.556","0.531","2.6","3.3","0.5","0.3","0.3","0.9","5.9","3.1","6.4","6.6","97.2","101.9"
"","Steven Adams","Hou","C","31.4","12","11.3","13.3","44.2","18","0.444","20","0.55","0","0","0.55","0.537","2.5","3.2","1.2","0.3","0.2","1.3","5.7","3.7","6.8","7.5","92.8","98"
"","Johnny Davis","Was","G","22.8","15","7.3","13.9","2.9","5","0.6","25","0.52","8","0.375","0.53","0.54","2.5","1.3","0.3","0.3","0.1","0.1","3.8","2.8","4.1","5.4","113.4","115.1"
"","Dillon Jones","Okc","F","23.1","20","8.8","15.9","12.8","8","0.625","22","0.545","32","0.219","0.417","0.435","2.5","2.1","0.8","0.2","0.1","0.4","4.6","3.3","5.4","7.3","100.2","99.2"
"","Drew Peterson","Bos","F","25.1","6","10.3","11","14","4","0.75","1","0","11","0.364","0.5","0.545","2.5","2.2","0.3","0.3","0.3","0.3","4.7","2.8","5","4.6","112.1","105"
"","Jaylon Tyson","Cle","G-F","22","12","8.5","14.7","18.6","6","0.5","16","0.563","10","0.3","0.519","0.524","2.5","2","0.9","0.3","0","0.5","4.5","3.4","5.4","7.8","113.1","96.7"
"","E.J. Liddell","Chi","F","24","6","5.1","14.9","19.2","2","1","2","1","6","0.5","0.813","0.845","2.5","0.8","0.5","0.2","0","0.3","3.3","3","3.8","7.8","138.8","94.9"
"","Chris Duarte","Chi","G","27.5","12","4.1","19","5.2","8","0.75","6","0.667","12","0.417","0.639","0.674","2.4","1.2","0.3","0","0","0.1","3.6","2.8","3.9","9.3","139.8","112.3"
"","Hunter Tyson","Den","F","24.5","12","9.2","11.9","17.6","7","0.857","10","0.7","13","0.231","0.5","0.556","2.4","1.7","0.5","0.2","0.3","0.4","4.1","2.9","4.6","5.5","107.3","105.4"
"","Kel'el Ware","Mia","C","20.6","10","6.9","18.9","13.6","2","1","18","0.444","7","0.286","0.44","0.464","2.4","1.6","0.1","0.3","0.5","0.4","4","2.5","4.1","4.2","85.1","103.1"
"","Jeff Green","Hou","F","38.3","7","5.7","15.5","13.3","0","0","5","0.8","8","0.375","0.654","0.654","2.4","0.6","0.1","0.3","0","0.3","3","2.6","3.1","3.7","112.6","105.2"
"","Vlatko Cancar","Den","F","27.7","4","8.6","11","22.2","0","0","5","0.6","2","0.5","0.643","0.643","2.3","2","0","0","0.3","0.5","4.3","2.3","4.3","0","106","107.6"
"","John Konchar","Mem","G","28.7","11","12","7.6","21.4","4","0.75","2","1","16","0.375","0.611","0.633","2.3","2.6","0.8","0.5","0.5","0.5","4.9","3.1","5.7","5.6","122.1","106.3"
"","Anthony Gill","Was","F","32.1","16","6.1","12","4.5","14","0.5","13","0.692","8","0.5","0.714","0.681","2.3","0.9","0.3","0.3","0.1","0.1","3.2","2.6","3.5","5.6","137.1","123"
"","Patrick Baldwin Jr.","Was","F","22","11","5.1","16.8","9.4","4","0.5","8","0.5","11","0.455","0.605","0.602","2.3","1.1","0.1","0.2","0.2","0.2","3.4","2.4","3.5","5","112.1","117.3"
"","Lester Quinones","Phi","G","24.1","4","4.3","32.2","32.2","1","1","5","0.8","3","0","0.5","0.533","2.3","1","0.3","0","0","1","3.3","2.5","3.5","8.2","83.4","123.2"
"","Nate Williams","Hou","G","25.8","3","3.3","16.4","0","0","0","2","1","2","0.5","0.875","0.875","2.3","1","0","0.3","0","0","3.3","2.3","3.3","0","0","0"
"","Orlando Robinson","Sac","C","24.4","3","7.2","13.5","57.5","4","0.5","1","1","1","1","1.25","0.931","2.3","2","0.3","0.3","0","1","4.3","2.7","4.7","6.2","103.2","94.9"
"","Jordan McLaughlin","Sac","G","28.7","18","8.1","13.9","19.4","14","0.714","14","0.429","19","0.316","0.455","0.511","2.2","0.9","0.9","0.4","0","0.4","3.2","3.2","4.1","6","104.2","109.3"
"","Kai Jones","Lac","C-F","23.9","15","8.5","9.6","24.7","10","0.7","18","0.722","0","0","0.722","0.737","2.2","2","0.3","0.2","0.6","0.4","4.2","2.5","4.5","5.2","128.4","101.6"
"","Christian Koloko","Lal","C","24.5","13","9.4","9","20.5","2","1","17","0.765","2","0","0.684","0.704","2.2","1.9","0.2","0.3","0.3","0.4","4.1","2.4","4.3","4","125.2","108.5"
"","Jae'Sean Tate","Hou","F","29.1","9","4.5","21.3","32.9","7","0.571","11","0.636","1","0","0.583","0.597","2","2","0.4","0.4","0","0.7","4","2.4","4.4","10.4","95.5","78.1"
"","Jeff Dowtin Jr.","Phi","G","27.6","8","10","11.9","4.9","4","0.75","11","0.455","8","0.125","0.342","0.385","2","1","1.1","0.4","0","0.1","3","3.1","4.1","5.2","101","113.3"
"","Tyler Smith","Mil","F","20.1","10","3.5","21.5","18.5","2","0.5","5","1","8","0.375","0.731","0.72","2","0.8","0.1","0","0.3","0.3","2.8","2.1","2.9","6.2","0","0"
"","Alex Reese","Okc","F-G","25.5","1","1.9","22.4","0","0","0","1","1","0","0","1","1","2","1","0","0","0","0","3","2","3","0","0","0"
"","Ulrich Chomche","Tor","C","18.9","1","4.5","9.2","0","0","0","1","1","0","0","1","1","2","1","0","0","0","0","3","2","3","0","200","120"
"","Adama Sanogo","Chi","F","22.8","3","4.6","18.3","16.7","0","0","5","0.6","0","0","0.6","0.6","2","0.7","0.3","0","0","0.3","2.7","2.3","3","6.5","115.6","120.4"
"","Jalen Hood-Schifino","Lal","G","21.5","2","7.1","9","41","2","1","1","1","0","0","1","1.064","2","0.5","0.5","0","0.5","0.5","2.5","2.5","3","4.5","150.8","103.3"
"","Justin Edwards","Phi","F","21","2","4.5","16.8","0","1","0","2","1","1","0","0.667","0.581","2","1","0.5","0","0","0","3","2.5","3.5","8.9","123.3","117.9"
"","Precious Achiuwa","Nyk","F","25.2","1","12.3","24.7","33.3","2","0","3","0.333","1","0","0.25","0.205","2","4","1","0","0","2","6","3","7","6.5","58.1","101"
"","Dwight Powell","Dal","F-C","33.4","17","8.8","7.2","32.7","24","0.708","10","0.8","0","0","0.8","0.803","1.9","1.9","0.8","0.4","0.5","0.3","3.9","2.7","4.6","6.5","152.1","96.3"
"","Jericho Sims","Nyk","C","26.1","22","13.2","6.4","30.6","7","0.571","27","0.704","0","0","0.704","0.698","1.9","4","0.6","0.3","0.4","0.5","5.9","2.5","6.5","5","132.9","104.8"
"","Maxi Kleber","Dal","F","32.9","14","17","6.9","27.6","6","0.667","17","0.412","9","0.222","0.385","0.419","1.7","3","0.6","0.1","0.5","0.7","4.7","2.3","5.3","3.4","81.4","103.2"
"","Pat Spencer","Gol","G","28.4","6","5.7","16.9","14.9","2","1","11","0.364","0","0","0.364","0.421","1.7","1.2","1.3","0.3","0","0.3","2.8","3","4.2","9.7","111.4","100.7"
"","Pacome Dadiet","Nyk","F","19.4","11","7","11.4","5.1","2","1","6","0.167","12","0.417","0.472","0.503","1.7","1.2","0.5","0.1","0.2","0.1","2.9","2.2","3.4","5.8","110.2","111.1"
"","Markieff Morris","Dal","F","35.3","3","6","25.8","18.2","0","0","6","0.167","3","0.333","0.278","0.278","1.7","1.7","0.7","0","0.3","0.7","3.3","2.3","4","8.4","59.1","112.7"
"","Armel Traore","Lal","F","21.9","6","8.4","15.8","13.2","7","0.286","8","0.5","5","0","0.308","0.311","1.7","2","0","0.7","0.3","0.3","3.7","1.7","3.7","0","60.9","102.5"
"","Jevon Carter","Chi","G","29.2","11","4.8","21.5","14.8","0","0","7","0.429","16","0.25","0.391","0.391","1.6","0.7","0.5","0.3","0","0.4","2.4","2.2","2.9","6.9","79.9","119.3"
"","MarJon Beauchamp","Mil","F","24.1","11","3.2","30.8","29.9","4","1","8","0.5","8","0.25","0.438","0.507","1.6","0.8","0.1","0.1","0","0.6","2.5","1.7","2.5","6.3","0","0"
"","Jazian Gortman","Dal","G","21.7","5","2.6","19.5","16.7","0","0","2","0.5","3","0.667","0.8","0.8","1.6","0.2","0","0","0.2","0.2","1.8","1.6","1.8","0","0","0"
"","Duop Reath","Por","C","28.4","12","4.9","15.5","4.5","0","0","5","0.4","16","0.313","0.452","0.452","1.6","0.7","0.2","0","0.2","0.1","2.3","1.8","2.4","5","105.1","112.5"
"","Luke Travers","Cle","F","23.3","5","8","10.7","21.2","2","1","4","0.75","3","0","0.429","0.508","1.6","1.2","1","0.2","0.2","0.4","2.8","2.6","3.8","6.2","108.6","108"
"","Alex Len","Sac","C","31.5","16","7.3","10.3","22.9","4","0.5","16","0.688","4","0","0.55","0.551","1.5","2","0.7","0.2","0.7","0.4","3.5","2.2","4.2","7","109.5","102.4"
"","Trevelin Queen","Orl","G","27.8","2","2.5","34.7","25","0","0","2","0","1","1","0.5","0.5","1.5","0","0","0","0","0.5","1.5","1.5","1.5","0","0","0"
"","Adem Bona","Phi","F","21.7","14","6.5","10.5","31","6","0.833","13","0.615","0","0","0.615","0.671","1.5","1.7","0","0","0.4","0.4","3.2","1.5","3.2","0","107.9","100.2"
"","Olivier-Maxence Prosper","Dal","F","22.4","13","5.7","14.9","4.1","5","0.6","18","0.444","5","0","0.348","0.377","1.5","1.4","0.1","0.2","0.1","0.1","2.8","1.5","2.9","4.2","96.5","107.3"
"","Jaylen Martin","Bro","G","20.9","2","1.6","14.4","0","0","0","0","0","1","1","1.5","1.5","1.5","0","0","0","0","0","1.5","1.5","1.5","0","0","0"
"","Terrence Shannon Jr.","Min","G-F","24.4","6","4.7","17.2","27.3","0","0","5","0.6","3","0.333","0.563","0.563","1.5","0.2","0.7","0.3","0.2","0.5","1.7","2.2","2.3","5.1","94","113.7"
"","Adam Flagler","Okc","G","25","11","3.6","21.3","0","0","0","1","0","19","0.263","0.375","0.375","1.4","0.5","0","0.2","0","0","1.9","1.4","1.9","0","0","0"
"","AJ Johnson","Mil","G","20","5","2.1","32.9","25","0","0","5","0.4","1","1","0.583","0.583","1.4","0.4","0.2","0","0","0.4","1.8","1.6","2","9.2","0","0"
"","Enrique Freeman","Ind","F","24.4","14","7.6","10.2","18.8","9","0.556","12","0.5","5","0.2","0.441","0.477","1.4","0.8","0.4","0.1","0.1","0.3","2.2","1.9","2.6","4","96.9","108.9"
"","Matt Ryan","Nyk","F","27.6","8","5.2","20.3","15.8","0","0","4","0.25","12","0.25","0.344","0.344","1.4","0.1","0","0","0","0.4","1.5","1.4","1.5","0","59.1","123.8"
"","James Johnson","Ind","F","37.8","3","3.5","29.1","42.9","0","0","3","0.667","1","0","0.5","0.5","1.3","0.7","0.7","0","0.3","1","2","2","2.7","9.8","0","0"
"","Jordan Walsh","Bos","G","20.8","16","8.8","9.4","13.3","1","0","6","0.5","20","0.25","0.404","0.397","1.3","1.1","0.2","0.3","0.4","0.3","2.4","1.5","2.6","3","85.5","107.6"
"","Jack McVeigh","Hou","G-F","28.4","6","3.6","23","8.3","0","0","3","0.333","8","0.25","0.364","0.364","1.3","0.7","0.2","0","0.2","0.2","2","1.5","2.2","6.3","0","0"
"","Cory Joseph","Orl","G","33.3","13","3.5","16","11.8","0","0","3","0","12","0.417","0.5","0.5","1.2","0.7","0.7","0.2","0.2","0.2","1.8","1.8","2.5","9.6","0","0"
"","Zeke Nnaji","Den","F-C","23.9","14","5.1","13.6","4.7","4","0.25","12","0.667","8","0","0.4","0.391","1.2","0.5","0.2","0.1","0.1","0.1","1.7","1.4","1.9","3.9","88.4","112.4"
"","Xavier Tillman","Bos","F","25.9","15","9.4","10.1","15.5","2","0.5","12","0.333","15","0.2","0.315","0.323","1.2","2.1","0.4","0.3","0.2","0.3","3.3","1.6","3.7","4.3","80.8","104.3"
"","Brandon Williams","Dal","G","25","5","4.3","24.4","17.7","3","0.667","7","0.286","2","0","0.222","0.291","1.2","0.8","0.4","0","0","0.4","2","1.6","2.4","6.8","67.5","107.2"
"","Ariel Hukporti","Nyk","C","22.7","10","8.2","10.7","43.9","4","0.5","10","0.5","0","0","0.5","0.51","1.2","1.8","0.4","0","0.8","0.8","3","1.6","3.4","4.6","76.1","99"
"","PJ Dozier","Min","G-F","28.1","6","4.7","10.4","24.5","6","0.167","0","0","3","0.667","1","0.621","1.2","0.8","0.8","0.2","0","0.2","2","2","2.8","7.8","127","101"
"","Gui Santos","Gol","F","22.5","6","3.7","14.6","27.7","2","0.5","2","0.5","3","0.333","0.5","0.51","1","1","0.3","0","0","0.3","2","1.3","2.3","7.2","0","0"
"","Mouhamed Gueye","Atl","F","22.1","2","5.7","17.7","20","0","0","2","0.5","2","0","0.25","0.25","1","1","0","0","0","0.5","2","1","2","0","42.1","120.1"
"","Reece Beekman","Gol","G","23.2","2","2.1","10.1","0","0","0","1","1","0","0","1","1","1","0.5","0.5","0.5","0","0","1.5","1.5","2","12","0","0"
"","Liam Robbins","Mil","C","25.4","5","4","10.6","0","4","0.25","2","1","1","0","0.667","0.525","1","0.6","0","0","0","0","1.6","1","1.6","0","122.3","105"
"","Jared Rhoden","Cha","G","25.3","4","2.9","32.6","11.1","0","0","6","0.333","2","0","0.25","0.25","1","1","0.5","0.3","0","0.3","2","1.5","2.5","10.9","0","0"
"","Cam Spencer","Mem","G","24.7","2","10.5","5.8","33.3","0","0","1","1","1","0","0.5","0.5","1","1","1","0","0.5","0.5","2","2","3","3.8","91.2","107.4"
"","Branden Carlson","Okc","C","25.5","4","4.2","19.8","0","2","1","2","0.5","5","0","0.143","0.254","1","2","0.5","0.3","0.3","0","3","1.5","3.5","9.5","92.3","96.7"
"","Keshad Johnson","Mia","F","23.5","2","6.3","7","0","0","0","1","1","1","0","0.5","0.5","1","1","0","0","0","0","2","1","2","0","100.8","116.8"
"","Jaden Springer","Bos","G","22.2","7","3.4","17.6","12.2","4","0.5","5","0.4","2","0","0.286","0.342","0.9","0.9","0.4","0.4","0","0.1","1.7","1.3","2.1","8.1","0","0"
"","Caleb Houstan","Orl","G","21.9","14","4.7","14.4","4.7","2","1","3","0.333","17","0.176","0.275","0.311","0.9","0.5","0","0","0.1","0.1","1.4","0.9","1.4","0","68.7","104.3"
"","Trey Alexander","Den","G","21.6","8","5.2","12.1","8.7","2","1","4","0.25","6","0.167","0.25","0.322","0.9","0.1","0.3","0","0.1","0.1","1","1.1","1.3","2.3","74.6","115.8"
"","Colby Jones","Sac","G","22.5","13","4.1","14.5","22.2","0","0","9","0.333","5","0.4","0.429","0.429","0.9","0.7","0.2","0.2","0.2","0.3","1.6","1.2","1.8","4.9","82.8","107.8"
"","D.J. Carton","Tor","G","24.3","4","8.4","14.2","35","1","1","4","0.25","3","0","0.143","0.202","0.8","1","0.8","0.5","0","1","1.8","1.5","2.5","4.1","43.1","116.4"
"","JD Davison","Bos","G","22.2","4","4.3","22.5","48.7","2","0.5","2","0.5","2","0","0.25","0.307","0.8","0.5","0.3","0.3","0","1","1.3","1","1.5","4.6","40.7","107.1"
"","Baylor Scheierman","Bos","G","24.2","5","6.8","13.9","0","2","1","4","0.25","6","0","0.1","0.184","0.8","1.4","0.4","0.2","0","0","2.2","1.2","2.6","4.5","68.4","104.8"
"","Karlo Matkovic","Nor","F-C","23.7","5","7.7","9.8","44.4","0","0","5","0.4","0","0","0.4","0.4","0.8","2","0","0.6","0.6","0.8","2.8","0.8","2.8","0","71.5","109.8"
"","Yuki Kawamura","Mem","G","23.6","12","2.9","21.9","23.1","4","0.75","4","0.5","9","0.111","0.269","0.339","0.8","0.2","0.6","0","0","0.3","1","1.4","1.6","6.3","0","0"
"","Bronny James","Lal","G","20.2","6","2.6","19.1","0","2","1","2","0.5","4","0","0.167","0.291","0.7","0.2","0.3","0.2","0","0","0.8","1","1.2","5.3","0","0"
"","Colin Castleton","Mem","C","24.5","6","2.3","8","0","4","1","0","0","1","0","0","0.725","0.7","0.8","0","0","0.2","0","1.5","0.7","1.5","0","0","0"
"","Maxwell Lewis","Lal","F","22.4","6","4.5","11.5","14.3","0","0","6","0.333","0","0","0.333","0.333","0.7","0.3","0.3","0.2","0","0.2","1","1","1.3","3.5","87.3","120.3"
"","Chris Livingston","Mil","F","21.1","3","2","22","33.3","0","0","2","0.5","0","0","0.5","0.5","0.7","0.7","0.3","0.3","0","0.3","1.3","1","1.7","10.6","0","0"
"","Garrett Temple","Tor","G-F","38.6","8","3.9","9.3","14.3","0","0","4","0.25","2","0.5","0.417","0.417","0.6","0.5","0.6","0.5","0.1","0.1","1.1","1.3","1.8","5.8","0","0"
"","Cui Yongxi","Bro","F","21.5","5","2.1","34.2","0","2","0.5","4","0.25","3","0","0.143","0.19","0.6","0.4","0","0","0","0","1","0.6","1","0","0","0"
"","Sidy Cissoko","San","G","20.7","9","2.8","13.3","14.3","2","0","4","0.25","2","0.5","0.417","0.363","0.6","0.7","0.6","0","0","0.1","1.2","1.1","1.8","9","0","0"
"","Tristen Newton","Ind","G","23.6","5","1.6","39.7","13.4","1","1","3","0.333","3","0","0.167","0.233","0.6","0","0.2","0","0","0.2","0.6","0.8","0.8","0","0","0"
"","Dominick Barlow","Atl","F","21.5","2","5.4","7.1","0","2","0.5","1","0","0","0","0","0.266","0.5","0","0","0","0","0","0.5","0.5","0.5","0","63.1","115.4"
"","Stanley Umude","Mil","G","25.7","6","2.9","9.8","0","2","0","0","0","3","0.333","0.5","0.387","0.5","0.5","0.2","0","0.2","0","1","0.7","1.2","5.1","0","0"
"","Jalen Bridges","Pho","F","23.6","2","5.5","19.6","47.4","2","0.5","0","0","2","0","0","0.174","0.5","0.5","0","0","0","1","1","0.5","1","0","21.8","122"
"","PJ Hall","Den","C","22.8","4","2","15.9","0","0","0","1","1","2","0","0.333","0.333","0.5","0","0","0","0","0","0.5","0.5","0.5","0","0","0"
"","Daishen Nix","Min","G","22.8","2","5.5","19.5","71.1","2","0.5","0","0","1","0","0","0.266","0.5","2","1.5","0","0","1.5","2.5","2","4","8.3","53","98.4"
"","Jacob Toppin","Nyk","F","24.6","7","3","8.4","25","0","0","1","1","2","0","0.333","0.333","0.3","0.4","0.3","0","0","0.1","0.7","0.6","1","4.4","0","0"
"","Malevy Leons","Okc","F","25.2","6","3.5","9.6","31.1","4","0.5","1","0","1","0","0","0.266","0.3","0.5","0.2","0","0","0.2","0.8","0.5","1","3.6","0","0"
"","Joe Ingles","Min","F-G","37.2","7","3.7","5","33.3","0","0","0","0","2","0","0","0","0","0.3","1.3","0","0","0.1","0.3","1.3","1.6","0","0","0"
"","Jalen Pickett","Den","G","25.1","2","1.9","11.1","0","0","0","0","0","1","0","0","0","0","0","0","0","0","0","0","0","0","0","0","0"
"","Kessler Edwards","Dal","F","24.3","4","2.2","14.6","33.3","0","0","0","0","2","0","0","0","0","0","0","0","0","0.3","0","0","0","0","0","0"
"","Mac McClung","Orl","G","25.9","1","4.9","0","0","0","0","0","0","0","0","0","0","0","1","2","0","0","0","1","2","3","0","0","111.4"
"","Daniss Jenkins","Det","G","23.3","2","2.5","17.1","0","0","0","0","0","2","0","0","0","0","0","0","0","0","0","0","0","0","0","0","0"
"","Alex Ducas","Okc","G","24","4","1.8","17.5","0","0","0","1","0","2","0","0","0","0","0","0","0","0","0","0","0","0","0","0","0"
"","Spencer Jones","Den","F","23.5","2","1.9","11.1","0","0","0","0","0","1","0","0","0","0","0.5","0","1","0","0","0.5","0","0.5","0","0","0"
"","Riley Minix","San","F","24.2","1","6.8","6.3","0","0","0","0","0","1","0","0","0","0","2","0","0","0","0","2","0","2","0","0","114.1"
"","Harrison Ingram","San","F","22","1","6.8","6.3","0","0","0","1","0","0","0","0","0","0","1","0","0","0","0","1","0","1","0","0","102.7"
"","Mason Jones","Sac","G","26.4","3","4.2","6.9","0","0","0","0","0","2","0","0","0","0","1.3","2.3","0","0","0","1.3","2.3","3.7","0","132.3","108.1"
"","Cole Swider","Det","F","25.6","2","6.6","16.3","0","0","0","0","0","5","0","0","0","0","1","0.5","0","0","0","1","0.5","1.5","0","15.1","110.6"
"","Justin Minaya","Por","F","25.7","1","6.1","0","0","0","0","0","0","0","0","0","0","0","1","0","0","0","0","1","0","1","0","0","103.6"